Year,B18_12,B21_12,B23_12,B26_12,NGRIP_12,B16,B18,B21,B26,B29,NEEM
2011,166,124,171,,157,,,,,,
2010,103,84,195,223,131,,,,,,
2009,104,114,148,175,136,,,,,,
2008,192,81,120,125,148,,,,,,
2007,144,156,91,127,127,,,,,,186
2006,106,93,103,168,141,,,,,,205
2005,83,102,168,176,104,,,,,,208
2004,142,78,99,73,188,,,,,,226
2003,89,145,63,148,152,,,,,,213
2002,139,127,77,210,203,,,,,,204
2001,79,76,126,201,157,,,,,,287
2000,144,109,159,131,163,,,,,,246
1999,100,145,137,126,174,,,,,,175
1998,98,170,133,240,197,,,,,,227
1997,99,73,79,146,133,,,,,,215
1996,107,136,52,192,191,,,,,,217
1995,116,142,99,195,166,,,,,,239
1994,80,133,136,217,251,,,,136,166,204
1993,52,105,82,212,201,,,107,92,135,204
1992,62,46,114,188,128,53,61,106,212,138,191
1991,108,178,51,201,166,143,96,108,168,119,174
1990,112,89,155,170,194,105,99,96,177,86,176
1989,60,56,115,159,129,111,133,109,120,143,178
1988,115,140,84,137,82,82,74,101,222,134,263
1987,100,156,92,206,192,71,61,79,162,137,172
1986,53,154,61,188,185,107,153,97,106,134,218
1985,66,99,109,174,148,151,84,103,168,165,229
1984,63,105,114,159,187,115,96,97,91,155,167
1983,121,72,118,238,165,83,126,88,122,78,136
1982,64,86,116,143,150,80,105,99,90,116,130
1981,111,76,77,142,152,80,73,76,159,148,202
1980,130,52,139,121,155,166,196,132,104,117,204
1979,83,92,119,177,182,117,69,73,176,108,188
1978,89,61,149,192,159,143,80,74,158,157,186
1977,59,65,84,165,83,64,86,110,177,114,187
1976,64,133,114,220,117,119,135,88,172,164,226
1975,71,58,114,152,183,138,77,67,204,166,244
1974,51,86,102,182,189,138,77,99,209,143,174
1973,110,49,107,241,196,101,134,114,139,135,223
1972,96,130,115,158,118,202,105,91,153,130,200
1971,106,98,87,252,188,101,87,95,116,167,250
1970,138,59,201,148,180,64,137,143,147,127,178
1969,68,57,132,249,167,147,64,53,151,123,207
1968,129,79,153,132,169,92,164,89,170,131,212
1967,79,84,124,176,141,74,76,141,137,171,238
1966,60,92,100,237,186,129,104,71,82,133,196
1965,108,59,148,240,146,165,204,93,167,135,190
1964,91,77,132,195,,92,116,84,161,120,230
1963,75,96,112,181,,119,70,72,167,137,221
1962,45,116,92,197,,110,86,83,132,106,160
1961,61,64,105,215,,129,112,71,108,137,164
1960,91,140,147,246,,165,56,83,118,123,161
1959,89,89,158,230,,129,55,83,169,134,165
1958,59,50,104,116,,156,64,83,176,107,192
1957,77,67,138,188,,83,55,74,133,138,170
1956,104,99,73,149,,129,74,74,159,142,193
1955,123,102,115,233,,55,74,92,99,176,235
1954,130,116,139,171,,165,37,92,124,176,251
1953,96,134,152,221,,138,64,92,159,161,177
1952,136,83,174,174,,193,129,74,85,151,253
1951,74,99,153,181,,64,74,92,104,138,167
1950,98,110,120,135,,64,55,101,167,88,221
1949,133,90,88,205,,64,129,101,147,97,195
1948,175,64,111,175,,55,83,55,172,176,188
1947,108,75,119,192,,110,110,119,123,90,173
1946,148,101,131,167,,74,83,165,108,141,223
1945,141,100,111,217,,101,147,193,174,183,197
1944,105,112,212,180,,138,92,55,236,114,151
1943,84,121,102,227,,129,64,46,236,85,159
1942,100,119,124,211,,138,92,92,241,138,164
1941,82,98,124,229,,55,83,74,253,158,219
1940,103,165,90,214,,193,83,46,216,146,227
1939,93,169,147,228,,129,156,64,203,177,240
1938,116,135,160,181,,129,64,101,113,133,182
1937,128,82,179,119,,202,83,83,238,154,174
1936,127,86,93,193,,175,129,101,189,120,179
1935,109,167,105,157,,129,101,46,233,101,187
1934,87,130,105,176,,138,119,92,240,169,184
1933,123,125,93,291,,129,83,83,137,187,316
1932,132,115,136,229,,129,83,156,139,145,249
1931,78,115,64,278,,138,119,129,208,184,234
1930,136,108,93,161,,74,101,101,250,157,194
1929,78,141,70,178,,64,101,83,219,116,191
1928,126,139,118,264,,129,92,74,213,190,301
1927,99,92,104,,,129,129,129,177,135,200
1926,89,140,153,,,119,74,147,219,115,172
1925,212,126,106,,,147,64,83,299,147,197
1924,206,98,201,,,147,83,92,188,93,197
1923,119,110,82,,,92,46,83,164,136,206
1922,95,81,71,,,92,92,119,199,124,149
1921,78,81,113,,,156,92,138,184,125,182
1920,120,153,126,,,138,138,55,161,120,183
1919,106,153,97,,,138,92,46,166,133,204
1918,83,82,96,,,138,119,55,168,102,209
1917,135,107,121,,,101,64,101,170,128,201
1916,141,126,195,,,119,119,156,187,176,218
1915,95,199,172,,,129,64,129,268,165,277
1914,109,251,86,,,221,175,92,194,128,181
1913,144,172,209,,,165,147,156,141,156,177
1912,129,146,146,,,193,156,83,146,158,203
1911,157,194,236,,,202,175,147,141,128,161
1910,106,320,124,,,147,156,83,119,92,153
1909,76,113,149,,,101,101,55,147,123,187
1908,95,204,123,,,129,129,92,170,133,196
1907,122,184,124,,,156,101,55,111,224,175
1906,126,148,186,,,92,64,74,141,152,184
1905,102,186,125,,,156,119,101,148,148,197
1904,96,89,100,,,92,83,101,180,93,176
1903,126,151,149,,,119,101,64,154,149,181
1902,112,140,140,,,147,101,129,167,124,203
1901,152,126,150,,,110,83,156,147,142,225
1900,157,129,101,,,147,46,101,146,95,234
1899,100,197,115,,,156,74,119,132,119,196
1898,85,189,102,,,110,119,55,116,121,187
1897,51,240,154,,,138,64,129,133,124,188
1896,108,297,115,,,119,83,156,141,178,197
1895,79,218,153,,,156,83,83,189,151,236
1894,84,132,114,,,138,110,138,166,133,224
1893,76,323,76,,,138,83,92,130,174,211
1892,85,173,77,,,129,129,119,80,153,264
1891,62,200,91,,,119,119,92,129,168,217
1890,95,169,128,,,92,119,74,220,97,199
1889,148,276,103,,,165,83,110,253,146,204
1888,88,159,127,,,138,64,92,156,142,222
1887,134,133,103,,,129,101,101,168,142,209
1886,70,133,132,,,129,101,74,178,172,205
1885,92,,105,,,156,74,74,191,158,223
1884,121,,81,,,138,55,156,170,159,175
1883,113,,117,,,110,92,83,183,114,184
1882,84,,118,,,119,129,64,207,96,198
1881,171,,,,,110,92,101,221,160,216
1880,105,,,,,110,92,101,157,146,243
1879,128,,,,,138,46,138,145,161,226
1878,132,,,,,165,92,101,204,232,294
1877,107,,,,,119,64,110,184,126,240
1876,113,,,,,175,64,175,174,186,227
1875,97,,,,,110,64,92,171,143,237
1874,94,,,,,119,119,64,184,179,224
1873,123,,,,,101,83,119,177,165,165
1872,109,,,,,138,110,101,223,118,215
1871,66,,,,,129,101,64,102,88,211
1870,82,,,,,165,83,74,156,171,202
1869,107,,,,,101,202,147,231,109,202
1868,65,,,,,119,46,129,189,125,175
1867,79,,,,,119,129,83,162,152,208
1866,148,,,,,138,138,129,110,165,222
1865,69,,,,,83,129,92,193,119,190
1864,,,,,,165,55,92,184,134,185
1863,,,,,,110,74,74,148,151,172
1862,,,,,,138,119,101,193,156,158
1861,,,,,,129,101,55,219,122,242
1860,,,,,,175,92,92,177,177,219
1859,,,,,,119,92,83,224,160,205
1858,,,,,,129,110,74,234,124,201
1857,,,,,,119,83,83,252,156,258
1856,,,,,,110,101,101,119,142,239
1855,,,,,,165,92,110,179,158,197
1854,,,,,,92,37,119,159,135,165
1853,,,,,,175,101,119,206,146,220
1852,,,,,,119,129,64,133,188,217
1851,,,,,,129,110,119,206,151,189
1850,,,,,,165,101,119,268,116,189
1849,,,,,,92,129,101,146,164,189
1848,,,,,,165,92,119,162,149,218
1847,,,,,,138,83,74,215,112,199
1846,,,,,,119,138,119,183,146,180
1845,,,,,,138,64,92,136,178,181
1844,,,,,,110,119,83,143,112,190
1843,,,,,,138,92,92,196,135,210
1842,,,,,,64,138,83,148,135,181
1841,,,,,,119,83,110,147,109,143
1840,,,,,,129,119,55,110,110,182
1839,,,,,,156,101,110,239,145,182
1838,,,,,,110,64,184,145,212,173
1837,,,,,,119,101,138,118,108,163
1836,,,,,,156,147,64,199,112,221
1835,,,,,,110,101,64,130,120,173
1834,,,,,,138,138,165,164,178,222
1833,,,,,,119,92,156,131,140,203
1832,,,,,,175,129,129,130,130,155
1831,,,,,,83,101,138,149,130,174
1830,,,,,,184,74,138,179,143,213
1829,,,,,,119,101,74,200,195,242
1828,,,,,,119,64,119,139,123,214
1827,,,,,,193,129,74,199,144,224
1826,,,,,,147,119,83,201,185,185
1825,,,,,,156,110,101,159,157,195
1824,,,,,,92,156,92,172,119,195
1823,,,,,,138,64,83,174,132,195
1822,,,,,,156,55,92,139,135,186
1821,,,,,,119,119,119,173,105,196
1820,,,,,,138,156,119,117,173,196
1819,,,,,,119,101,129,110,98,196
1818,,,,,,138,83,74,197,111,157
1817,,,,,,101,147,64,154,102,128
1816,,,,,,110,74,64,231,142,167
1815,,,,,,184,55,92,133,95,148
1814,,,,,,119,101,64,176,149,207
1813,,,,,,83,83,64,199,118,197
1812,,,,,,147,101,129,163,150,257
1811,,,,,,129,129,101,185,182,178
1810,,,,,,138,110,74,128,151,208
1809,,,,,,110,92,147,212,123,169
1808,,,,,,138,129,119,208,138,209
1807,,,,,,165,110,175,186,183,269
1806,,,,,,110,101,119,196,108,239
1805,,,,,,110,55,119,147,142,229
1804,,,,,,156,83,64,214,188,250
1803,,,,,,165,92,119,248,209,250
1802,,,,,,119,138,147,144,135,170
1801,,,,,,129,74,83,166,142,221
1800,,,,,,129,119,64,201,117,171
1799,,,,,,156,110,74,87,175,191
1798,,,,,,119,92,110,187,95,171
1797,,,,,,129,64,101,165,151,211
1796,,,,,,119,83,101,152,152,161
1795,,,,,,156,64,92,146,144,192
1794,,,,,,138,55,147,129,156,242
1793,,,,,,138,83,83,101,124,212
1792,,,,,,101,74,92,161,147,202
1791,,,,,,138,55,74,110,175,172
1790,,,,,,119,129,129,167,88,182
1789,,,,,,101,101,92,170,144,213
1788,,,,,,138,147,74,162,153,234
1787,,,,,,129,138,202,225,167,183
1786,,,,,,138,92,83,204,170,183
1785,,,,,,119,129,83,162,177,306
1784,,,,,,147,74,64,243,185,184
1783,,,,,,74,110,64,197,94,184
1782,,,,,,83,83,74,241,119,184
1781,,,,,,92,64,110,177,127,215
1780,,,,,,147,119,110,192,108,205
1779,,,,,,138,101,64,158,161,205
1778,,,,,,129,138,110,111,130,185
1777,,,,,,119,119,147,250,111,206
1776,,,,,,119,83,55,109,128,206
1775,,,,,,156,74,119,161,149,185
1774,,,,,,92,101,101,180,144,217
1773,,,,,,202,83,110,117,122,175
1772,,,,,,138,110,119,228,131,207
1771,,,,,,110,83,74,141,149,207
1770,,,,,,129,64,101,146,113,238
1769,,,,,,129,83,74,215,188,207
1768,,,,,,165,83,156,211,136,311
1767,,,,,,110,147,83,199,101,177
1766,,,,,,101,156,129,205,180,218
1765,,,,,,46,92,55,147,119,208
1764,,,,,,129,55,55,119,164,177
1763,,,,,,101,101,110,90,167,261
1762,,,,,,119,64,110,150,116,188
1761,,,,,,119,83,138,90,125,157
1760,,,,,,156,101,138,212,127,251
1759,,,,,,74,74,101,172,146,188
1758,,,,,,138,101,92,216,168,241
1757,,,,,,175,92,110,149,152,178
1756,,,,,,92,64,129,142,87,147
1755,,,,,,119,83,110,119,142,200
1754,,,,,,110,129,64,141,95,210
1753,,,,,,156,129,64,159,178,263
1752,,,,,,129,101,119,143,201,263
1751,,,,,,110,83,119,159,183,243
1750,,,,,,119,55,64,236,131,211
1749,,,,,,138,110,83,218,100,148
1748,,,,,,147,64,64,106,178,222
1747,,,,,,129,92,119,159,119,233
1746,,,,,,129,138,92,188,145,148
1745,,,,,,138,55,92,136,200,223
1744,,,,,,110,92,101,160,114,191
1743,,,,,,129,64,110,205,104,191
1742,,,,,,211,110,46,130,133,213
1741,,,,,,101,110,138,197,117,234
1740,,,,,,119,119,74,238,161,192
1739,,,,,,184,83,175,181,130,214
1738,,,,,,211,101,101,175,170,171
1737,,,,,,156,119,101,144,114,257
1736,,,,,,119,55,138,175,115,214
1735,,,,,,156,92,175,145,117,172
1734,,,,,,119,92,74,230,83,279
1733,,,,,,165,129,101,205,136,215
1732,,,,,,110,119,138,137,174,151
1731,,,,,,110,55,74,153,70,237
1730,,,,,,147,101,110,169,103,216
1729,,,,,,138,129,83,162,151,194
1728,,,,,,138,156,92,200,131,216
1727,,,,,,138,119,165,146,182,216
1726,,,,,,184,165,55,176,116,195
1725,,,,,,110,165,138,185,135,238
1724,,,,,,147,101,156,162,163,
1723,,,,,,156,211,129,161,129,
1722,,,,,,129,64,101,132,89,
1721,,,,,,83,138,110,155,196,
1720,,,,,,147,74,110,147,85,
1719,,,,,,119,119,64,171,136,
1718,,,,,,138,92,147,139,107,
1717,,,,,,184,64,119,201,135,
1716,,,,,,92,110,92,132,151,
1715,,,,,,92,74,138,124,184,
1714,,,,,,129,129,92,217,128,
1713,,,,,,129,101,83,177,103,
1712,,,,,,74,110,74,93,148,
1711,,,,,,92,110,64,147,159,
1710,,,,,,147,74,61,140,140,
1709,,,,,,147,55,63,179,127,
1708,,,,,,184,119,80,117,133,
1707,,,,,,92,101,67,141,148,
1706,,,,,,184,92,96,164,91,
1705,,,,,,92,74,83,164,96,
1704,,,,,,101,110,110,118,131,
1703,,,,,,110,92,122,157,161,
1702,,,,,,129,55,82,141,87,
1701,,,,,,175,37,46,94,165,
1700,,,,,,83,55,82,157,146,
1699,,,,,,156,55,70,147,99,
1698,,,,,,138,119,46,141,154,
1697,,,,,,138,110,77,172,119,
1696,,,,,,110,103,64,125,157,
1695,,,,,,138,75,73,155,123,
1694,,,,,,138,125,83,125,147,
1693,,,,,,138,104,117,188,168,
1692,,,,,,138,112,90,141,207,
1691,,,,,,248,75,128,165,114,
1690,,,,,,119,60,77,188,153,
1689,,,,,,175,92,109,149,130,
1688,,,,,,119,75,73,141,152,
1687,,,,,,119,85,109,94,101,
1686,,,,,,165,67,78,158,105,
1685,,,,,,110,71,103,158,112,
1684,,,,,,147,129,85,126,143,
1683,,,,,,129,115,124,220,167,
1682,,,,,,156,93,96,181,159,
1681,,,,,,147,59,82,150,134,
1680,,,,,,129,117,76,197,163,
1679,,,,,,175,69,123,167,130,
1678,,,,,,101,111,132,213,148,
1677,,,,,,101,68,115,127,149,
1676,,,,,,184,109,118,135,118,
1675,,,,,,119,88,98,270,165,
1674,,,,,,165,63,102,270,142,
1673,,,,,,129,103,123,206,93,
1672,,,,,,110,103,126,212,222,
1671,,,,,,175,113,104,110,147,
1670,,,,,,119,128,105,160,150,
1669,,,,,,83,93,119,175,102,
1668,,,,,,147,106,115,175,145,
1667,,,,,,147,78,102,127,117,
1666,,,,,,165,62,83,119,107,
1665,,,,,,184,102,86,199,166,
1664,,,,,,110,95,151,206,122,
1663,,,,,,129,78,56,120,136,
1662,,,,,,165,71,135,199,113,
1661,,,,,,110,72,103,182,149,
1660,,,,,,119,69,91,191,135,
1659,,,,,,119,64,76,134,93,
1658,,,,,,156,81,57,96,166,
1657,,,,,,147,95,110,207,122,
1656,,,,,,138,128,92,151,122,
1655,,,,,,165,133,118,247,175,
1654,,,,,,129,121,145,199,130,
1653,,,,,,92,78,116,136,145,
1652,,,,,,138,96,129,167,128,
1651,,,,,,138,152,90,206,140,
1650,,,,,,165,104,123,184,115,
1649,,,,,,92,66,149,200,124,
1648,,,,,,110,94,84,168,190,
1647,,,,,,175,103,100,184,115,
1646,,,,,,202,124,116,137,177,
1645,,,,,,110,93,151,176,125,
1644,,,,,,138,92,107,120,156,
1643,,,,,,92,97,85,113,107,
1642,,,,,,129,78,76,201,152,
1641,,,,,,74,88,94,152,117,
1640,,,,,,175,91,67,154,89,
1639,,,,,,119,106,121,165,177,
1638,,,,,,110,123,98,184,132,
1637,,,,,,119,113,143,136,158,
1636,,,,,,83,107,112,152,138,
1635,,,,,,92,72,93,248,133,
1634,,,,,,101,117,44,137,110,
1633,,,,,,110,109,126,209,123,
1632,,,,,,119,117,133,136,145,
1631,,,,,,138,130,90,161,173,
1630,,,,,,147,129,148,145,148,
1629,,,,,,129,88,86,153,105,
1628,,,,,,119,120,108,234,173,
1627,,,,,,119,81,79,160,124,
1626,,,,,,147,72,126,201,134,
1625,,,,,,147,89,48,170,130,
1624,,,,,,129,141,71,145,123,
1623,,,,,,110,136,135,201,165,
1622,,,,,,230,68,84,176,169,
1621,,,,,,92,62,66,121,107,
1620,,,,,,110,65,70,161,129,
1619,,,,,,129,137,95,72,124,
1618,,,,,,110,90,136,120,145,
1617,,,,,,119,79,111,169,153,
1616,,,,,,119,100,111,137,150,
1615,,,,,,147,108,92,186,153,
1614,,,,,,92,102,75,154,116,
1613,,,,,,175,74,120,113,90,
1612,,,,,,165,99,102,137,124,
1611,,,,,,110,92,87,121,152,
1610,,,,,,239,76,99,153,119,
1609,,,,,,184,88,85,161,185,
1608,,,,,,129,82,95,129,150,
1607,,,,,,64,149,97,178,120,
1606,,,,,,147,86,99,136,158,
1605,,,,,,129,80,91,184,109,
1604,,,,,,156,95,100,168,151,
1603,,,,,,64,99,78,113,133,
1602,,,,,,156,88,89,121,182,
1601,,,,,,92,91,65,226,118,
1600,,,,,,110,95,109,209,119,
1599,,,,,,110,154,127,170,125,
1598,,,,,,92,116,95,154,172,
1597,,,,,,119,54,101,146,155,
1596,,,,,,156,91,92,138,241,
1595,,,,,,175,76,83,146,208,
1594,,,,,,147,81,117,154,131,
1593,,,,,,147,116,97,154,156,
1592,,,,,,147,118,105,251,270,
1591,,,,,,138,101,99,146,128,
1590,,,,,,110,101,182,162,185,
1589,,,,,,211,123,132,121,161,
1588,,,,,,83,61,150,121,193,
1587,,,,,,165,77,93,113,130,
1586,,,,,,129,103,89,162,161,
1585,,,,,,156,118,130,194,127,
1584,,,,,,230,133,108,138,90,
1583,,,,,,138,70,138,203,130,
1582,,,,,,156,77,61,146,225,
1581,,,,,,110,126,68,122,110,
1580,,,,,,165,108,80,137,165,
1579,,,,,,64,129,74,227,135,
1578,,,,,,92,69,125,162,185,
1577,,,,,,74,85,96,163,99,
1576,,,,,,92,84,121,114,115,
1575,,,,,,138,98,121,113,136,
1574,,,,,,138,108,137,106,116,
1573,,,,,,119,91,74,138,151,
1572,,,,,,119,104,103,179,181,
1571,,,,,,156,92,150,179,120,
1570,,,,,,119,99,91,219,146,
1569,,,,,,184,95,92,154,140,
1568,,,,,,110,109,109,138,128,
1567,,,,,,165,219,123,138,118,
1566,,,,,,138,114,142,154,144,
1565,,,,,,129,101,147,236,120,
1564,,,,,,156,105,72,204,158,
1563,,,,,,156,104,51,212,156,
1562,,,,,,129,112,83,196,144,
1561,,,,,,138,60,103,122,152,
1560,,,,,,129,117,96,163,132,
1559,,,,,,101,89,112,154,126,
1558,,,,,,175,100,112,179,81,
1557,,,,,,110,89,110,163,120,
1556,,,,,,138,73,107,106,163,
1555,,,,,,101,98,106,147,167,
1554,,,,,,138,124,114,212,117,
1553,,,,,,74,76,100,146,135,
1552,,,,,,64,92,88,163,132,
1551,,,,,,129,109,91,139,158,
1550,,,,,,119,114,88,147,166,
1549,,,,,,138,109,123,172,149,
1548,,,,,,156,78,78,155,104,
1547,,,,,,147,81,93,163,221,
1546,,,,,,101,106,80,139,155,
1545,,,,,,129,86,102,179,175,
1544,,,,,,138,145,92,139,165,
1543,,,,,,193,97,127,131,168,
1542,,,,,,230,56,89,229,128,
1541,,,,,,184,86,74,147,121,
1540,,,,,,101,143,107,140,120,
1539,,,,,,138,84,86,189,100,
1538,,,,,,138,116,88,156,216,
1537,,,,,,138,95,68,148,141,
1536,,,,,,147,128,114,165,123,
1535,,,,,,119,68,118,148,136,
1534,,,,,,147,99,120,140,128,
1533,,,,,,119,126,81,148,151,
1532,,,,,,138,57,93,140,178,
1531,,,,,,147,76,90,164,89,
1530,,,,,,156,141,149,107,142,
1529,,,,,,119,105,110,181,128,
1528,,,,,,129,134,77,132,215,
1527,,,,,,101,90,77,205,116,
1526,,,,,,184,95,93,180,117,
1525,,,,,,119,159,113,181,99,
1524,,,,,,92,81,78,164,153,
1523,,,,,,138,91,67,140,131,
1522,,,,,,110,101,97,131,85,
1521,,,,,,129,74,65,156,131,
1520,,,,,,129,84,99,173,131,
1519,,,,,,55,65,98,148,152,
1518,,,,,,74,50,117,148,111,
1517,,,,,,138,64,130,148,175,
1516,,,,,,110,60,86,148,142,
1515,,,,,,138,106,94,140,145,
1514,,,,,,110,128,95,107,165,
1513,,,,,,156,84,88,213,141,
1512,,,,,,74,89,63,170,112,
1511,,,,,,184,109,80,155,123,
1510,,,,,,156,121,123,131,148,
1509,,,,,,165,104,105,189,132,
1508,,,,,,110,74,121,165,148,
1507,,,,,,165,102,72,165,135,
1506,,,,,,92,115,97,116,131,
1505,,,,,,147,80,86,181,129,
1504,,,,,,129,116,78,172,136,
1503,,,,,,110,71,73,189,164,
1502,,,,,,101,74,104,204,171,
1501,,,,,,110,123,125,,131,
1500,,,,,,202,118,81,,120,
1499,,,,,,184,95,93,,104,
1498,,,,,,184,76,165,,92,
1497,,,,,,175,52,82,,165,
1496,,,,,,230,90,88,,141,
1495,,,,,,165,84,72,,112,
1494,,,,,,138,112,84,,129,
1493,,,,,,110,55,73,,116,
1492,,,,,,138,83,73,,140,
1491,,,,,,193,100,84,,133,
1490,,,,,,74,130,89,,182,
1489,,,,,,156,71,80,,213,
1488,,,,,,110,92,82,,184,
1487,,,,,,156,88,66,,90,
1486,,,,,,156,88,103,,108,
1485,,,,,,175,78,71,,85,
1484,,,,,,129,76,77,,119,
1483,,,,,,211,84,36,,126,
1482,,,,,,119,63,55,,149,
1481,,,,,,165,124,81,,136,
1480,,,,,,110,120,122,,151,
1479,,,,,,147,64,87,,99,
1478,,,,,,92,104,170,,124,
1477,,,,,,,112,70,,174,
1476,,,,,,,156,93,,,
1475,,,,,,,114,78,,,
1474,,,,,,,144,108,,,
1473,,,,,,,78,77,,,
1472,,,,,,,89,85,,,
1471,,,,,,,113,108,,,
1470,,,,,,,98,108,,,
1469,,,,,,,84,123,,,
1468,,,,,,,91,77,,,
1467,,,,,,,77,85,,,
1466,,,,,,,124,70,,,
1465,,,,,,,96,109,,,
1464,,,,,,,106,125,,,
1463,,,,,,,175,125,,,
1462,,,,,,,74,157,,,
1461,,,,,,,55,118,,,
1460,,,,,,,101,110,,,
1459,,,,,,,119,111,,,
1458,,,,,,,46,48,,,
1457,,,,,,,110,54,,,
1456,,,,,,,129,119,,,
1455,,,,,,,74,119,,,
1454,,,,,,,64,74,,,
1453,,,,,,,46,101,,,
1452,,,,,,,129,83,,,
1451,,,,,,,101,83,,,
1450,,,,,,,55,119,,,
1449,,,,,,,83,119,,,
1448,,,,,,,119,55,,,
1447,,,,,,,74,64,,,
1446,,,,,,,119,119,,,
1445,,,,,,,129,101,,,
1444,,,,,,,119,147,,,
1443,,,,,,,64,129,,,
1442,,,,,,,83,138,,,
1441,,,,,,,64,138,,,
1440,,,,,,,74,156,,,
1439,,,,,,,92,110,,,
1438,,,,,,,101,110,,,
1437,,,,,,,92,83,,,
1436,,,,,,,89,110,,,
1435,,,,,,,116,92,,,
1434,,,,,,,137,129,,,
1433,,,,,,,91,119,,,
1432,,,,,,,121,64,,,
1431,,,,,,,104,55,,,
1430,,,,,,,81,64,,,
1429,,,,,,,90,83,,,
1428,,,,,,,113,119,,,
1427,,,,,,,108,129,,,
1426,,,,,,,121,55,,,
1425,,,,,,,133,138,,,
1424,,,,,,,99,64,,,
1423,,,,,,,78,119,,,
1422,,,,,,,60,83,,,
1421,,,,,,,58,101,,,
1420,,,,,,,69,83,,,
1419,,,,,,,114,119,,,
1418,,,,,,,167,92,,,
1417,,,,,,,72,101,,,
1416,,,,,,,65,211,,,
1415,,,,,,,65,119,,,
1414,,,,,,,123,92,,,
1413,,,,,,,88,74,,,
1412,,,,,,,80,55,,,
1411,,,,,,,77,138,,,
1410,,,,,,,80,92,,,
1409,,,,,,,101,101,,,
1408,,,,,,,139,92,,,
1407,,,,,,,87,147,,,
1406,,,,,,,102,92,,,
1405,,,,,,,127,92,,,
1404,,,,,,,126,119,,,
1403,,,,,,,127,64,,,
1402,,,,,,,98,119,,,
1401,,,,,,,126,83,,,
1400,,,,,,,133,92,,,
1399,,,,,,,110,101,,,
1398,,,,,,,130,119,,,
1397,,,,,,,155,156,,,
1396,,,,,,,73,,,,
1395,,,,,,,120,,,,
1394,,,,,,,95,,,,
1393,,,,,,,81,,,,
1392,,,,,,,80,,,,
1391,,,,,,,96,,,,
1390,,,,,,,114,,,,
1389,,,,,,,92,,,,
1388,,,,,,,89,,,,
1387,,,,,,,80,,,,
1386,,,,,,,75,,,,
1385,,,,,,,73,,,,
1384,,,,,,,121,,,,
1383,,,,,,,143,,,,
1382,,,,,,,103,,,,
1381,,,,,,,82,,,,
1380,,,,,,,90,,,,
1379,,,,,,,87,,,,
1378,,,,,,,67,,,,
1377,,,,,,,74,,,,
1376,,,,,,,81,,,,
1375,,,,,,,83,,,,
1374,,,,,,,83,,,,
1373,,,,,,,75,,,,
1372,,,,,,,68,,,,
1371,,,,,,,91,,,,
1370,,,,,,,74,,,,
1369,,,,,,,125,,,,
1368,,,,,,,101,,,,
1367,,,,,,,124,,,,
1366,,,,,,,107,,,,
1365,,,,,,,83,,,,
1364,,,,,,,71,,,,
1363,,,,,,,105,,,,
1362,,,,,,,91,,,,
1361,,,,,,,83,,,,
1360,,,,,,,114,,,,
1359,,,,,,,110,,,,
1358,,,,,,,72,,,,
1357,,,,,,,80,,,,
1356,,,,,,,102,,,,
1355,,,,,,,73,,,,
1354,,,,,,,134,,,,
1353,,,,,,,91,,,,
1352,,,,,,,97,,,,
1351,,,,,,,87,,,,
1350,,,,,,,103,,,,
1349,,,,,,,113,,,,
1348,,,,,,,65,,,,
1347,,,,,,,84,,,,
1346,,,,,,,75,,,,
1345,,,,,,,71,,,,
1344,,,,,,,101,,,,
1343,,,,,,,97,,,,
1342,,,,,,,126,,,,
1341,,,,,,,63,,,,
1340,,,,,,,102,,,,
1339,,,,,,,126,,,,
1338,,,,,,,156,,,,
1337,,,,,,,129,,,,
1336,,,,,,,133,,,,
1335,,,,,,,124,,,,
1334,,,,,,,125,,,,
1333,,,,,,,71,,,,
1332,,,,,,,186,,,,
1331,,,,,,,107,,,,
1330,,,,,,,170,,,,
1329,,,,,,,148,,,,
1328,,,,,,,79,,,,
1327,,,,,,,87,,,,
1326,,,,,,,77,,,,
1325,,,,,,,101,,,,
1324,,,,,,,119,,,,
1323,,,,,,,100,,,,
1322,,,,,,,95,,,,
1321,,,,,,,75,,,,
1320,,,,,,,105,,,,
1319,,,,,,,110,,,,
1318,,,,,,,144,,,,
1317,,,,,,,157,,,,
1316,,,,,,,74,,,,
1315,,,,,,,66,,,,
1314,,,,,,,142,,,,
1313,,,,,,,164,,,,
1312,,,,,,,71,,,,
1311,,,,,,,113,,,,
1310,,,,,,,78,,,,
1309,,,,,,,77,,,,
1308,,,,,,,96,,,,
1307,,,,,,,98,,,,
1306,,,,,,,111,,,,
1305,,,,,,,74,,,,
1304,,,,,,,110,,,,
1303,,,,,,,87,,,,
1302,,,,,,,88,,,,
1301,,,,,,,95,,,,
1300,,,,,,,76,,,,
1299,,,,,,,103,,,,
1298,,,,,,,84,,,,
1297,,,,,,,80,,,,
1296,,,,,,,96,,,,
1295,,,,,,,113,,,,
1294,,,,,,,105,,,,
1293,,,,,,,76,,,,
1292,,,,,,,85,,,,
1291,,,,,,,103,,,,
1290,,,,,,,90,,,,
1289,,,,,,,70,,,,
1288,,,,,,,67,,,,
1287,,,,,,,69,,,,
1286,,,,,,,105,,,,
1285,,,,,,,52,,,,
1284,,,,,,,60,,,,
1283,,,,,,,86,,,,
1282,,,,,,,85,,,,
1281,,,,,,,75,,,,
1280,,,,,,,52,,,,
1279,,,,,,,42,,,,
1278,,,,,,,82,,,,
1277,,,,,,,123,,,,
1276,,,,,,,64,,,,
1275,,,,,,,102,,,,
1274,,,,,,,77,,,,
1273,,,,,,,48,,,,
1272,,,,,,,60,,,,
1271,,,,,,,50,,,,
1270,,,,,,,68,,,,
1269,,,,,,,87,,,,
1268,,,,,,,59,,,,
1267,,,,,,,81,,,,
1266,,,,,,,59,,,,
1265,,,,,,,55,,,,
1264,,,,,,,58,,,,
1263,,,,,,,61,,,,
1262,,,,,,,48,,,,
1261,,,,,,,77,,,,
1260,,,,,,,144,,,,
1259,,,,,,,91,,,,
1258,,,,,,,81,,,,
1257,,,,,,,87,,,,
1256,,,,,,,43,,,,
1255,,,,,,,78,,,,
1254,,,,,,,60,,,,
1253,,,,,,,82,,,,
1252,,,,,,,100,,,,
1251,,,,,,,77,,,,
1250,,,,,,,82,,,,
1249,,,,,,,76,,,,
1248,,,,,,,59,,,,
1247,,,,,,,101,,,,
1246,,,,,,,105,,,,
1245,,,,,,,55,,,,
1244,,,,,,,89,,,,
1243,,,,,,,87,,,,
1242,,,,,,,61,,,,
1241,,,,,,,93,,,,
1240,,,,,,,76,,,,
1239,,,,,,,71,,,,
1238,,,,,,,44,,,,
1237,,,,,,,41,,,,
1236,,,,,,,62,,,,
1235,,,,,,,100,,,,
1234,,,,,,,88,,,,
1233,,,,,,,52,,,,
1232,,,,,,,87,,,,
1231,,,,,,,58,,,,
1230,,,,,,,72,,,,
1229,,,,,,,43,,,,
1228,,,,,,,66,,,,
1227,,,,,,,95,,,,
1226,,,,,,,91,,,,
1225,,,,,,,129,,,,
1224,,,,,,,160,,,,
1223,,,,,,,170,,,,
1222,,,,,,,98,,,,
1221,,,,,,,125,,,,
1220,,,,,,,64,,,,
1219,,,,,,,74,,,,
1218,,,,,,,90,,,,
1217,,,,,,,71,,,,
1216,,,,,,,111,,,,
1215,,,,,,,68,,,,
1214,,,,,,,118,,,,
1213,,,,,,,122,,,,
1212,,,,,,,90,,,,
1211,,,,,,,123,,,,
1210,,,,,,,143,,,,
1209,,,,,,,101,,,,
1208,,,,,,,90,,,,
1207,,,,,,,135,,,,
1206,,,,,,,104,,,,
1205,,,,,,,99,,,,
1204,,,,,,,45,,,,
1203,,,,,,,59,,,,
1202,,,,,,,78,,,,
1201,,,,,,,121,,,,
1200,,,,,,,149,,,,
1199,,,,,,,52,,,,
1198,,,,,,,160,,,,
1197,,,,,,,56,,,,
1196,,,,,,,92,,,,
1195,,,,,,,74,,,,
1194,,,,,,,112,,,,
1193,,,,,,,85,,,,
1192,,,,,,,100,,,,
1191,,,,,,,79,,,,
1190,,,,,,,49,,,,
1189,,,,,,,81,,,,
1188,,,,,,,89,,,,
1187,,,,,,,83,,,,
1186,,,,,,,56,,,,
1185,,,,,,,106,,,,
1184,,,,,,,100,,,,
1183,,,,,,,121,,,,
1182,,,,,,,76,,,,
1181,,,,,,,79,,,,
1180,,,,,,,110,,,,
1179,,,,,,,118,,,,
1178,,,,,,,105,,,,
1177,,,,,,,146,,,,
1176,,,,,,,89,,,,
1175,,,,,,,92,,,,
1174,,,,,,,56,,,,
1173,,,,,,,111,,,,
1172,,,,,,,77,,,,
1171,,,,,,,81,,,,
1170,,,,,,,100,,,,
1169,,,,,,,75,,,,
1168,,,,,,,119,,,,
1167,,,,,,,100,,,,
1166,,,,,,,123,,,,
1165,,,,,,,89,,,,
1164,,,,,,,105,,,,
1163,,,,,,,93,,,,
1162,,,,,,,66,,,,
1161,,,,,,,78,,,,
1160,,,,,,,100,,,,
1159,,,,,,,111,,,,
1158,,,,,,,76,,,,
1157,,,,,,,55,,,,
1156,,,,,,,112,,,,
1155,,,,,,,63,,,,
1154,,,,,,,58,,,,
1153,,,,,,,64,,,,
1152,,,,,,,74,,,,
1151,,,,,,,98,,,,
1150,,,,,,,78,,,,
1149,,,,,,,67,,,,
1148,,,,,,,110,,,,
1147,,,,,,,82,,,,
1146,,,,,,,88,,,,
1145,,,,,,,60,,,,
1144,,,,,,,63,,,,
1143,,,,,,,64,,,,
1142,,,,,,,120,,,,
1141,,,,,,,64,,,,
1140,,,,,,,66,,,,
1139,,,,,,,71,,,,
1138,,,,,,,106,,,,
1137,,,,,,,104,,,,
1136,,,,,,,100,,,,
1135,,,,,,,106,,,,
1134,,,,,,,43,,,,
1133,,,,,,,63,,,,
1132,,,,,,,67,,,,
1131,,,,,,,107,,,,
1130,,,,,,,99,,,,
1129,,,,,,,69,,,,
1128,,,,,,,84,,,,
1127,,,,,,,97,,,,
1126,,,,,,,85,,,,
1125,,,,,,,75,,,,
1124,,,,,,,93,,,,
1123,,,,,,,74,,,,
1122,,,,,,,114,,,,
1121,,,,,,,66,,,,
1120,,,,,,,105,,,,
1119,,,,,,,78,,,,
1118,,,,,,,45,,,,
1117,,,,,,,60,,,,
1116,,,,,,,51,,,,
1115,,,,,,,68,,,,
1114,,,,,,,85,,,,
1113,,,,,,,82,,,,
1112,,,,,,,154,,,,
1111,,,,,,,143,,,,
1110,,,,,,,81,,,,
1109,,,,,,,67,,,,
1108,,,,,,,69,,,,
1107,,,,,,,66,,,,
1106,,,,,,,52,,,,
1105,,,,,,,64,,,,
1104,,,,,,,81,,,,
1103,,,,,,,93,,,,
1102,,,,,,,84,,,,
1101,,,,,,,97,,,,
1100,,,,,,,133,,,,
1099,,,,,,,142,,,,
1098,,,,,,,63,,,,
1097,,,,,,,108,,,,
1096,,,,,,,92,,,,
1095,,,,,,,96,,,,
1094,,,,,,,120,,,,
1093,,,,,,,85,,,,
1092,,,,,,,93,,,,
1091,,,,,,,73,,,,
1090,,,,,,,89,,,,
1089,,,,,,,44,,,,
1088,,,,,,,44,,,,
1087,,,,,,,71,,,,
1086,,,,,,,55,,,,
1085,,,,,,,62,,,,
1084,,,,,,,59,,,,
1083,,,,,,,113,,,,
1082,,,,,,,124,,,,
1081,,,,,,,74,,,,
1080,,,,,,,54,,,,
1079,,,,,,,93,,,,
1078,,,,,,,99,,,,
1077,,,,,,,71,,,,
1076,,,,,,,55,,,,
1075,,,,,,,111,,,,
1074,,,,,,,78,,,,
1073,,,,,,,128,,,,
1072,,,,,,,112,,,,
1071,,,,,,,82,,,,
1070,,,,,,,129,,,,
1069,,,,,,,117,,,,
1068,,,,,,,86,,,,
1067,,,,,,,113,,,,
1066,,,,,,,79,,,,
1065,,,,,,,73,,,,
1064,,,,,,,119,,,,
1063,,,,,,,81,,,,
1062,,,,,,,67,,,,
1061,,,,,,,74,,,,
1060,,,,,,,145,,,,
1059,,,,,,,79,,,,
1058,,,,,,,78,,,,
1057,,,,,,,82,,,,
1056,,,,,,,108,,,,
1055,,,,,,,111,,,,
1054,,,,,,,125,,,,
1053,,,,,,,96,,,,
1052,,,,,,,82,,,,
1051,,,,,,,93,,,,
1050,,,,,,,67,,,,
1049,,,,,,,56,,,,
1048,,,,,,,71,,,,
1047,,,,,,,140,,,,
1046,,,,,,,75,,,,
1045,,,,,,,110,,,,
1044,,,,,,,88,,,,
1043,,,,,,,78,,,,
1042,,,,,,,81,,,,
1041,,,,,,,99,,,,
1040,,,,,,,115,,,,
1039,,,,,,,88,,,,
1038,,,,,,,111,,,,
1037,,,,,,,147,,,,
1036,,,,,,,63,,,,
1035,,,,,,,129,,,,
1034,,,,,,,91,,,,
1033,,,,,,,77,,,,
1032,,,,,,,113,,,,
1031,,,,,,,113,,,,
1030,,,,,,,143,,,,
1029,,,,,,,195,,,,
1028,,,,,,,172,,,,
1027,,,,,,,196,,,,
1026,,,,,,,144,,,,
1025,,,,,,,124,,,,
1024,,,,,,,141,,,,
1023,,,,,,,139,,,,
1022,,,,,,,149,,,,
1021,,,,,,,140,,,,
1020,,,,,,,150,,,,
1019,,,,,,,196,,,,
1018,,,,,,,155,,,,
1017,,,,,,,160,,,,
1016,,,,,,,91,,,,
1015,,,,,,,210,,,,
1014,,,,,,,98,,,,
1013,,,,,,,181,,,,
1012,,,,,,,190,,,,
1011,,,,,,,161,,,,
1010,,,,,,,221,,,,
1009,,,,,,,117,,,,
1008,,,,,,,65,,,,
1007,,,,,,,81,,,,
1006,,,,,,,97,,,,
1005,,,,,,,151,,,,
1004,,,,,,,78,,,,
1003,,,,,,,145,,,,
1002,,,,,,,110,,,,
1001,,,,,,,119,,,,
1000,,,,,,,111,,,,
999,,,,,,,144,,,,
998,,,,,,,53,,,,
997,,,,,,,53,,,,
996,,,,,,,52,,,,
995,,,,,,,70,,,,
994,,,,,,,51,,,,
993,,,,,,,57,,,,
992,,,,,,,64,,,,
991,,,,,,,93,,,,
990,,,,,,,86,,,,
989,,,,,,,96,,,,
988,,,,,,,132,,,,
987,,,,,,,91,,,,
986,,,,,,,80,,,,
985,,,,,,,127,,,,
984,,,,,,,99,,,,
983,,,,,,,110,,,,
982,,,,,,,114,,,,
981,,,,,,,58,,,,
980,,,,,,,107,,,,
979,,,,,,,109,,,,
978,,,,,,,62,,,,
977,,,,,,,111,,,,
976,,,,,,,77,,,,
975,,,,,,,95,,,,
974,,,,,,,73,,,,
973,,,,,,,78,,,,
972,,,,,,,91,,,,
971,,,,,,,151,,,,
970,,,,,,,96,,,,
969,,,,,,,67,,,,
968,,,,,,,106,,,,
967,,,,,,,74,,,,
966,,,,,,,90,,,,
965,,,,,,,85,,,,
964,,,,,,,98,,,,
963,,,,,,,129,,,,
962,,,,,,,135,,,,
961,,,,,,,180,,,,
960,,,,,,,143,,,,
959,,,,,,,119,,,,
958,,,,,,,90,,,,
957,,,,,,,109,,,,
956,,,,,,,105,,,,
955,,,,,,,79,,,,
954,,,,,,,65,,,,
953,,,,,,,98,,,,
952,,,,,,,180,,,,
951,,,,,,,109,,,,
950,,,,,,,120,,,,
949,,,,,,,57,,,,
948,,,,,,,68,,,,
947,,,,,,,70,,,,
946,,,,,,,65,,,,
945,,,,,,,49,,,,
944,,,,,,,95,,,,
943,,,,,,,77,,,,
942,,,,,,,81,,,,
941,,,,,,,99,,,,
940,,,,,,,98,,,,
939,,,,,,,88,,,,
938,,,,,,,58,,,,
937,,,,,,,66,,,,
936,,,,,,,70,,,,
935,,,,,,,77,,,,
934,,,,,,,114,,,,
933,,,,,,,131,,,,
932,,,,,,,137,,,,
931,,,,,,,91,,,,
930,,,,,,,62,,,,
929,,,,,,,62,,,,
928,,,,,,,91,,,,
927,,,,,,,93,,,,
926,,,,,,,121,,,,
925,,,,,,,87,,,,
924,,,,,,,69,,,,
923,,,,,,,117,,,,
922,,,,,,,117,,,,
921,,,,,,,67,,,,
920,,,,,,,106,,,,
919,,,,,,,115,,,,
918,,,,,,,100,,,,
917,,,,,,,100,,,,
916,,,,,,,100,,,,
915,,,,,,,44,,,,
914,,,,,,,58,,,,
913,,,,,,,84,,,,
912,,,,,,,106,,,,
911,,,,,,,92,,,,
910,,,,,,,84,,,,
909,,,,,,,69,,,,
908,,,,,,,84,,,,
907,,,,,,,106,,,,
906,,,,,,,86,,,,
905,,,,,,,98,,,,
904,,,,,,,114,,,,
903,,,,,,,75,,,,
902,,,,,,,87,,,,
901,,,,,,,69,,,,
900,,,,,,,58,,,,
899,,,,,,,58,,,,
898,,,,,,,84,,,,
897,,,,,,,136,,,,
896,,,,,,,142,,,,
895,,,,,,,115,,,,
894,,,,,,,86,,,,
893,,,,,,,129,,,,
892,,,,,,,89,,,,
891,,,,,,,106,,,,
890,,,,,,,103,,,,
889,,,,,,,50,,,,
888,,,,,,,104,,,,
887,,,,,,,67,,,,
886,,,,,,,94,,,,
885,,,,,,,111,,,,
884,,,,,,,64,,,,
883,,,,,,,89,,,,
882,,,,,,,58,,,,
881,,,,,,,67,,,,
880,,,,,,,84,,,,
879,,,,,,,117,,,,
878,,,,,,,139,,,,
877,,,,,,,98,,,,
876,,,,,,,86,,,,
875,,,,,,,142,,,,
874,,,,,,,98,,,,
873,,,,,,,84,,,,
872,,,,,,,92,,,,
871,,,,,,,136,,,,
