Year AD,Temperature (deg C anomaly wrt 1961-1990),2 sigma unc. low,2 sigma unc. high,,Bin Center (AD),Temperature (deg C anomaly wrt 1961-1990),,Bin Center (AD),Temperature (deg C anomaly wrt 1961-1990)
1,-0.67,-1.72,0.37,,5,-0.54,,50,-0.25
2,-0.47,-1.45,0.48,,35,-0.13,,150,-0.24
3,0.23,-0.84,1.37,,65,-0.18,,250,-0.28
4,0.43,-0.42,1.28,,95,-0.28,,350,-0.32
5,0.09,-0.84,0.98,,125,-0.02,,450,-0.13
6,0.01,-1.16,1.10,,155,-0.38,,550,-0.27
7,-0.69,-1.71,0.38,,185,-0.28,,650,-0.57
8,-0.80,-1.78,0.28,,215,-0.40,,750,-0.41
9,-0.75,-1.85,0.49,,245,-0.17,,850,-0.43
10,-0.55,-1.63,0.87,,275,-0.24,,950,-0.19
11,-0.39,-1.43,0.96,,305,-0.55,,1050,-0.15
12,-0.99,-1.85,0.11,,335,-0.51,,1150,-0.38
13,-1.28,-2.04,-0.27,,365,-0.16,,1250,-0.54
14,-0.41,-1.05,0.38,,395,0.19,,1350,-0.89
15,-1.03,-2.08,0.04,,425,0.02,,1450,-0.76
16,-1.57,-2.19,-0.83,,455,-0.34,,1550,-0.75
17,0.11,-0.88,1.27,,485,-0.29,,1650,-1.15
18,-1.60,-2.58,-0.36,,515,-0.40,,1750,-1.01
19,0.00,-1.07,1.21,,545,-0.32,,1850,-1.10
20,-0.55,-1.46,0.46,,575,-0.26,,1950,-0.15
21,-1.15,-2.07,-0.11,,605,-0.17,,,
22,-0.13,-0.99,0.88,,635,-0.44,,,
23,-0.25,-1.37,0.98,,665,-0.64,,,
24,-0.70,-1.95,0.61,,695,-0.72,,,
25,-0.38,-1.29,0.63,,725,-0.45,,,
26,-0.89,-1.93,0.10,,755,-0.42,,,
27,0.27,-0.70,1.21,,785,-0.34,,,
28,0.24,-0.81,1.33,,815,-0.56,,,
29,-0.34,-1.42,0.79,,845,-0.37,,,
30,-0.15,-1.13,0.87,,875,-0.41,,,
31,-0.06,-1.14,0.97,,905,-0.47,,,
32,0.50,-0.57,1.62,,935,-0.15,,,
33,0.50,-0.72,1.89,,965,-0.13,,,
34,0.37,-0.90,1.72,,995,0.06,,,
35,0.95,0.08,1.92,,1025,0.02,,,
36,-0.35,-1.58,1.10,,1055,-0.35,,,
37,0.20,-0.81,1.24,,1085,-0.18,,,
38,0.36,-0.78,1.75,,1115,-0.45,,,
39,0.30,-0.65,1.55,,1145,-0.19,,,
40,-0.08,-1.36,1.29,,1175,-0.37,,,
41,-0.22,-1.04,0.80,,1205,-0.52,,,
42,0.33,-0.41,1.02,,1235,-0.32,,,
43,0.11,-0.89,0.95,,1265,-0.74,,,
44,-0.28,-1.17,0.81,,1295,-0.70,,,
45,-0.46,-1.30,0.75,,1325,-0.95,,,
46,-0.79,-1.91,0.74,,1355,-0.88,,,
47,-0.77,-1.60,0.35,,1385,-0.92,,,
48,-0.34,-1.38,0.77,,1415,-0.54,,,
49,-0.08,-1.17,1.09,,1445,-0.74,,,
50,-0.70,-1.64,0.36,,1475,-1.05,,,
51,-0.89,-1.86,0.25,,1505,-0.67,,,
52,-0.35,-1.60,1.34,,1535,-0.87,,,
53,-0.11,-1.42,1.25,,1565,-0.58,,,
54,-0.25,-1.32,0.87,,1595,-0.99,,,
55,-0.27,-1.27,1.00,,1625,-1.14,,,
56,-0.78,-1.87,0.60,,1655,-1.01,,,
57,-0.85,-1.79,0.30,,1685,-1.25,,,
58,-0.43,-1.37,0.58,,1715,-1.00,,,
59,-0.39,-1.40,0.82,,1745,-1.12,,,
60,-0.25,-1.24,1.07,,1775,-0.89,,,
61,-0.35,-1.25,0.91,,1805,-1.34,,,
62,-0.43,-1.42,0.86,,1835,-1.27,,,
63,-0.33,-1.22,0.69,,1865,-0.85,,,
64,0.73,-0.32,1.79,,1895,-0.90,,,
65,-0.03,-0.99,0.97,,1925,-0.29,,,
66,0.32,-0.91,2.03,,1955,0.12,,,
67,-0.26,-1.33,0.91,,1985,0.02,,,
68,-0.37,-1.49,0.80,,,,,,
69,0.02,-1.07,1.34,,,,,,
70,0.27,-0.75,1.23,,,,,,
71,0.68,-0.39,1.80,,,,,,
72,0.95,-0.25,2.34,,,,,,
73,0.32,-0.55,1.32,,,,,,
74,-0.30,-1.39,0.97,,,,,,
75,-0.11,-1.12,0.96,,,,,,
76,-0.91,-1.97,0.12,,,,,,
77,-0.77,-1.77,0.37,,,,,,
78,-0.44,-1.72,1.06,,,,,,
79,0.33,-0.65,1.31,,,,,,
80,-0.04,-1.08,0.88,,,,,,
81,0.59,-0.65,1.96,,,,,,
82,-0.10,-1.08,1.14,,,,,,
83,-0.38,-1.29,0.62,,,,,,
84,-0.33,-1.41,0.93,,,,,,
85,-0.17,-1.48,1.16,,,,,,
86,0.31,-0.74,1.66,,,,,,
87,-0.55,-1.46,0.81,,,,,,
88,0.43,-0.56,1.81,,,,,,
89,-0.25,-1.26,0.90,,,,,,
90,0.07,-0.92,1.21,,,,,,
91,-0.91,-1.63,0.17,,,,,,
92,-0.81,-1.89,0.51,,,,,,
93,-0.23,-1.14,0.98,,,,,,
94,-0.11,-1.27,0.98,,,,,,
95,-0.58,-1.61,0.58,,,,,,
96,-0.76,-1.51,0.11,,,,,,
97,-0.39,-1.36,0.88,,,,,,
98,-1.29,-2.03,-0.39,,,,,,
99,-0.09,-1.06,0.91,,,,,,
100,0.27,-0.53,1.20,,,,,,
101,-0.66,-1.66,0.67,,,,,,
102,-0.57,-1.46,0.52,,,,,,
103,0.25,-0.68,1.48,,,,,,
104,-0.10,-1.01,1.01,,,,,,
105,-1.04,-2.07,0.35,,,,,,
106,-0.42,-1.43,0.71,,,,,,
107,-0.17,-1.07,0.68,,,,,,
108,-0.10,-1.05,1.14,,,,,,
109,-0.35,-1.40,0.87,,,,,,
110,-0.06,-1.17,1.02,,,,,,
111,-0.38,-1.10,0.56,,,,,,
112,-0.18,-0.98,0.72,,,,,,
113,-0.51,-1.46,0.28,,,,,,
114,-0.97,-1.84,-0.11,,,,,,
115,0.09,-0.73,1.06,,,,,,
116,0.41,-0.57,1.55,,,,,,
117,0.09,-1.00,1.11,,,,,,
118,0.02,-1.11,1.27,,,,,,
119,-0.31,-1.37,0.99,,,,,,
120,0.41,-0.47,1.38,,,,,,
121,-0.19,-1.18,1.09,,,,,,
122,0.23,-0.54,1.01,,,,,,
123,-0.36,-1.23,0.64,,,,,,
124,-0.40,-1.45,0.80,,,,,,
125,0.36,-0.79,1.62,,,,,,
126,-0.04,-0.96,0.95,,,,,,
127,0.17,-0.93,1.58,,,,,,
128,-0.36,-1.36,0.80,,,,,,
129,-0.16,-1.08,0.75,,,,,,
130,0.27,-0.77,1.41,,,,,,
131,0.90,0.05,1.89,,,,,,
132,0.08,-0.90,1.10,,,,,,
133,0.06,-1.07,1.09,,,,,,
134,-0.19,-1.30,1.04,,,,,,
135,-0.26,-1.25,0.72,,,,,,
136,0.32,-0.55,1.37,,,,,,
137,-0.14,-1.20,1.05,,,,,,
138,-0.17,-1.10,0.67,,,,,,
139,-0.05,-1.04,0.92,,,,,,
140,0.61,-0.33,1.59,,,,,,
141,-0.06,-0.99,0.90,,,,,,
142,0.48,-0.66,1.78,,,,,,
143,0.26,-1.01,1.81,,,,,,
144,0.49,-0.49,1.57,,,,,,
145,-0.06,-1.22,1.10,,,,,,
146,-0.51,-1.31,0.36,,,,,,
147,0.26,-0.53,1.15,,,,,,
148,-0.39,-1.28,0.73,,,,,,
149,0.35,-0.57,1.41,,,,,,
150,-1.06,-2.02,0.12,,,,,,
151,-0.27,-1.26,1.08,,,,,,
152,-0.37,-1.37,0.99,,,,,,
153,-0.42,-1.57,0.97,,,,,,
154,-0.61,-1.63,0.55,,,,,,
155,-0.20,-1.25,1.01,,,,,,
156,0.11,-0.84,1.07,,,,,,
157,-0.23,-1.03,0.72,,,,,,
158,-0.30,-1.22,0.96,,,,,,
159,0.16,-0.93,1.54,,,,,,
160,-0.29,-1.27,1.00,,,,,,
161,0.09,-0.85,1.11,,,,,,
162,-0.05,-1.00,0.85,,,,,,
163,-0.99,-2.07,0.43,,,,,,
164,-0.61,-1.65,0.78,,,,,,
165,-0.79,-1.88,0.35,,,,,,
166,-1.56,-2.63,-0.58,,,,,,
167,-1.54,-2.56,-0.37,,,,,,
168,-0.83,-1.79,0.41,,,,,,
169,-1.12,-2.00,0.12,,,,,,
170,-1.37,-2.58,-0.17,,,,,,
171,-0.39,-1.47,0.93,,,,,,
172,-0.40,-1.22,0.70,,,,,,
173,-0.15,-1.31,1.30,,,,,,
174,-0.92,-1.80,0.33,,,,,,
175,-0.83,-1.86,0.60,,,,,,
176,-0.24,-1.27,1.14,,,,,,
177,-0.62,-1.66,0.59,,,,,,
178,0.10,-0.93,1.22,,,,,,
179,-0.13,-1.04,0.84,,,,,,
180,-0.33,-1.64,1.31,,,,,,
181,-0.21,-1.32,1.21,,,,,,
182,-0.71,-1.95,0.76,,,,,,
183,-0.14,-1.18,1.16,,,,,,
184,-0.56,-1.34,0.37,,,,,,
185,-0.74,-1.63,0.20,,,,,,
186,-0.28,-1.21,0.69,,,,,,
187,0.45,-0.71,1.66,,,,,,
188,0.20,-0.83,1.41,,,,,,
189,0.32,-0.64,1.43,,,,,,
190,-0.28,-1.30,1.02,,,,,,
191,0.44,-0.59,1.65,,,,,,
192,-0.42,-1.29,0.58,,,,,,
193,-0.63,-1.39,0.29,,,,,,
194,0.06,-0.78,0.97,,,,,,
195,-0.62,-1.42,0.26,,,,,,
196,-0.64,-1.69,0.66,,,,,,
197,-0.63,-1.54,0.44,,,,,,
198,-0.50,-1.50,0.59,,,,,,
199,-0.21,-1.35,1.15,,,,,,
200,0.48,-0.47,1.50,,,,,,
201,-0.57,-1.54,0.51,,,,,,
202,-0.23,-1.12,0.86,,,,,,
203,-0.41,-1.22,0.59,,,,,,
204,0.43,-0.72,1.85,,,,,,
205,0.28,-0.65,1.22,,,,,,
206,0.88,-0.21,1.82,,,,,,
207,-0.33,-1.30,0.85,,,,,,
208,-0.36,-1.28,0.66,,,,,,
209,-0.31,-1.40,0.87,,,,,,
210,0.22,-0.94,1.62,,,,,,
211,-0.47,-1.48,0.69,,,,,,
212,-0.19,-1.19,0.77,,,,,,
213,-0.27,-1.24,0.59,,,,,,
214,-0.64,-1.46,0.37,,,,,,
215,-0.40,-1.11,0.46,,,,,,
216,-0.63,-1.45,0.13,,,,,,
217,-0.43,-1.33,0.53,,,,,,
218,-1.06,-1.94,-0.06,,,,,,
219,-0.60,-1.63,0.68,,,,,,
220,-0.87,-1.85,0.34,,,,,,
221,-0.69,-1.64,0.50,,,,,,
222,-0.49,-1.50,0.63,,,,,,
223,-0.19,-1.17,1.04,,,,,,
224,-1.19,-2.02,-0.31,,,,,,
225,-0.66,-1.74,0.48,,,,,,
226,-0.30,-1.20,0.57,,,,,,
227,-0.64,-1.31,0.07,,,,,,
228,-1.25,-2.25,-0.08,,,,,,
229,0.37,-0.53,1.32,,,,,,
230,-0.98,-1.89,0.14,,,,,,
231,-0.17,-1.23,0.90,,,,,,
232,-0.39,-1.15,0.60,,,,,,
233,-0.50,-1.38,0.51,,,,,,
234,-0.38,-1.15,0.47,,,,,,
235,-0.85,-1.66,-0.06,,,,,,
236,-0.78,-1.74,0.41,,,,,,
237,-0.65,-1.70,0.69,,,,,,
238,-0.16,-1.00,0.84,,,,,,
239,-0.13,-1.39,1.38,,,,,,
240,-0.65,-1.68,0.32,,,,,,
241,-0.23,-1.24,1.02,,,,,,
242,-0.13,-1.05,0.94,,,,,,
243,-0.59,-1.43,0.23,,,,,,
244,0.30,-0.68,1.09,,,,,,
245,-0.49,-1.48,0.52,,,,,,
246,0.10,-0.90,1.02,,,,,,
247,-0.10,-1.25,0.94,,,,,,
248,0.37,-0.55,1.17,,,,,,
249,-0.01,-1.01,1.01,,,,,,
250,0.05,-0.90,1.03,,,,,,
251,-0.37,-1.26,0.59,,,,,,
252,0.62,-0.31,1.58,,,,,,
253,0.47,-0.37,1.32,,,,,,
254,-0.41,-1.43,1.11,,,,,,
255,0.23,-0.84,1.47,,,,,,
256,0.66,-0.31,1.84,,,,,,
257,-0.59,-1.45,0.32,,,,,,
258,-0.23,-1.63,1.15,,,,,,
259,0.00,-0.89,0.88,,,,,,
260,-0.16,-1.27,1.09,,,,,,
261,0.06,-1.01,1.32,,,,,,
262,0.74,-0.09,1.54,,,,,,
263,0.26,-0.59,1.07,,,,,,
264,-0.50,-1.56,0.43,,,,,,
265,-0.81,-1.70,0.07,,,,,,
266,0.10,-1.11,1.39,,,,,,
267,-0.17,-0.95,0.84,,,,,,
268,-0.92,-1.91,0.40,,,,,,
269,-0.61,-1.53,0.29,,,,,,
270,0.18,-0.95,1.34,,,,,,
271,-0.57,-1.45,0.47,,,,,,
272,0.21,-0.49,1.12,,,,,,
273,-0.50,-1.32,0.42,,,,,,
274,-0.82,-1.90,0.52,,,,,,
275,-0.12,-1.20,1.38,,,,,,
276,-0.85,-1.81,0.34,,,,,,
277,-0.77,-1.54,0.25,,,,,,
278,-0.80,-1.79,0.21,,,,,,
279,-0.23,-1.22,1.03,,,,,,
280,-0.12,-1.04,0.90,,,,,,
281,-0.32,-1.18,0.75,,,,,,
282,0.38,-0.69,1.37,,,,,,
283,0.58,-0.30,1.46,,,,,,
284,0.65,-0.40,1.60,,,,,,
285,-0.42,-1.36,0.50,,,,,,
286,-0.26,-0.93,0.39,,,,,,
287,-0.13,-1.06,0.79,,,,,,
288,-0.11,-0.88,0.69,,,,,,
289,-1.13,-2.07,-0.13,,,,,,
290,-0.19,-1.23,1.16,,,,,,
291,0.43,-0.62,1.60,,,,,,
292,0.02,-1.07,1.22,,,,,,
293,-0.94,-1.77,0.01,,,,,,
294,-1.18,-2.15,-0.15,,,,,,
295,-0.43,-1.34,0.48,,,,,,
296,-0.17,-1.04,0.69,,,,,,
297,-0.58,-1.59,0.40,,,,,,
298,-0.42,-1.48,0.73,,,,,,
299,0.20,-0.89,1.48,,,,,,
300,-0.98,-1.68,-0.15,,,,,,
301,-0.40,-1.34,0.73,,,,,,
302,-0.61,-1.67,0.77,,,,,,
303,-0.81,-1.69,0.38,,,,,,
304,-0.93,-2.06,0.11,,,,,,
305,-0.74,-1.60,0.24,,,,,,
306,-0.32,-1.24,0.78,,,,,,
307,-0.96,-1.81,0.03,,,,,,
308,-0.65,-1.43,0.32,,,,,,
309,-0.42,-1.39,0.64,,,,,,
310,-0.23,-1.30,1.04,,,,,,
311,-1.18,-2.12,-0.25,,,,,,
312,-0.48,-1.47,0.67,,,,,,
313,-0.63,-1.45,0.24,,,,,,
314,-0.61,-1.53,0.41,,,,,,
315,-0.46,-1.33,0.46,,,,,,
316,-0.17,-1.23,0.93,,,,,,
317,-0.87,-1.89,0.14,,,,,,
318,-0.79,-1.61,0.23,,,,,,
319,-0.81,-1.87,0.49,,,,,,
320,-0.37,-1.35,0.74,,,,,,
321,-1.20,-1.91,-0.24,,,,,,
322,-0.86,-1.60,0.14,,,,,,
323,-1.12,-1.98,-0.14,,,,,,
324,0.51,-0.50,1.65,,,,,,
325,-0.28,-1.03,0.57,,,,,,
326,-0.24,-1.13,0.90,,,,,,
327,0.14,-0.80,1.09,,,,,,
328,-0.49,-1.46,0.49,,,,,,
329,-0.87,-1.83,0.23,,,,,,
330,-0.56,-1.52,0.53,,,,,,
331,0.07,-0.84,0.92,,,,,,
332,0.58,-0.38,1.70,,,,,,
333,0.30,-0.73,1.32,,,,,,
334,-0.05,-0.78,0.74,,,,,,
335,-0.55,-1.52,0.56,,,,,,
336,-0.05,-1.10,0.97,,,,,,
337,-0.90,-1.76,0.00,,,,,,
338,-0.07,-1.48,1.74,,,,,,
339,-0.61,-1.78,0.91,,,,,,
340,-1.26,-2.45,0.06,,,,,,
341,-1.29,-2.28,-0.17,,,,,,
342,-1.22,-2.14,-0.05,,,,,,
343,-1.14,-2.06,-0.02,,,,,,
344,-0.31,-1.27,0.93,,,,,,
345,-1.01,-2.01,0.09,,,,,,
346,-1.19,-2.11,-0.20,,,,,,
347,-0.89,-2.00,0.17,,,,,,
348,0.07,-1.03,1.08,,,,,,
349,-0.33,-1.34,0.90,,,,,,
350,-0.56,-1.38,0.60,,,,,,
351,-1.07,-2.07,0.18,,,,,,
352,-0.80,-1.89,0.37,,,,,,
353,0.68,-0.31,1.97,,,,,,
354,0.38,-0.75,1.79,,,,,,
355,-0.10,-0.92,0.82,,,,,,
356,-0.65,-1.60,0.30,,,,,,
357,-0.47,-1.53,0.57,,,,,,
358,-0.40,-1.29,0.50,,,,,,
359,-0.94,-2.16,0.30,,,,,,
360,0.38,-0.32,1.17,,,,,,
361,0.63,-0.20,1.59,,,,,,
362,-0.16,-1.13,1.06,,,,,,
363,0.47,-0.48,1.47,,,,,,
364,-0.45,-1.52,0.72,,,,,,
365,0.10,-0.90,1.18,,,,,,
366,-0.22,-0.98,0.73,,,,,,
367,-0.08,-0.97,0.89,,,,,,
368,-0.26,-1.00,0.71,,,,,,
369,-0.80,-1.67,0.13,,,,,,
370,0.43,-0.53,1.60,,,,,,
371,-0.61,-1.49,0.27,,,,,,
372,-1.03,-2.15,0.12,,,,,,
373,-0.20,-1.03,0.70,,,,,,
374,-0.39,-1.21,0.52,,,,,,
375,0.52,-0.56,1.68,,,,,,
376,-0.10,-1.14,1.10,,,,,,
377,0.19,-0.69,1.40,,,,,,
378,0.43,-0.59,1.63,,,,,,
379,-0.09,-1.15,1.28,,,,,,
380,-0.09,-1.26,1.29,,,,,,
381,0.02,-1.29,1.47,,,,,,
382,-0.29,-1.52,1.14,,,,,,
383,-0.33,-1.43,1.06,,,,,,
384,0.58,-0.40,1.41,,,,,,
385,0.54,-0.15,1.32,,,,,,
386,0.37,-0.61,1.26,,,,,,
387,-0.82,-1.55,0.16,,,,,,
388,-0.32,-1.29,0.56,,,,,,
389,-0.23,-1.07,0.65,,,,,,
390,-0.07,-1.19,1.03,,,,,,
391,0.49,-0.48,1.53,,,,,,
392,0.37,-0.60,1.23,,,,,,
393,-0.75,-1.74,0.47,,,,,,
394,-0.02,-1.15,1.36,,,,,,
395,-0.32,-1.29,0.94,,,,,,
396,-0.28,-1.36,0.94,,,,,,
397,-0.73,-1.81,0.49,,,,,,
398,0.49,-0.55,1.65,,,,,,
399,0.62,-0.52,1.85,,,,,,
400,0.77,-0.21,1.65,,,,,,
401,0.91,-0.34,2.08,,,,,,
402,1.10,0.22,2.11,,,,,,
403,1.03,0.20,1.72,,,,,,
404,0.19,-0.79,1.14,,,,,,
405,-0.03,-0.73,0.74,,,,,,
406,0.90,-0.03,2.13,,,,,,
407,0.27,-0.78,1.57,,,,,,
408,0.91,-0.32,2.17,,,,,,
409,0.61,-0.58,2.13,,,,,,
410,-0.23,-1.16,0.67,,,,,,
411,0.21,-0.84,1.17,,,,,,
412,0.79,-0.25,1.86,,,,,,
413,-0.87,-1.94,0.37,,,,,,
414,-0.32,-1.21,0.83,,,,,,
415,0.39,-0.60,1.58,,,,,,
416,0.32,-0.75,1.74,,,,,,
417,0.16,-1.00,1.55,,,,,,
418,-0.01,-1.05,1.18,,,,,,
419,0.42,-0.47,1.44,,,,,,
420,0.24,-0.76,1.50,,,,,,
421,-1.29,-2.47,-0.12,,,,,,
422,-0.23,-1.26,0.88,,,,,,
423,0.40,-0.83,1.62,,,,,,
424,0.02,-1.11,1.14,,,,,,
425,-0.28,-1.47,1.09,,,,,,
426,-0.98,-2.09,0.22,,,,,,
427,0.30,-0.71,1.60,,,,,,
428,0.61,-0.53,2.00,,,,,,
429,0.44,-0.62,1.89,,,,,,
430,0.28,-0.98,1.60,,,,,,
431,0.11,-0.81,1.18,,,,,,
432,0.04,-1.05,1.27,,,,,,
433,0.05,-1.01,1.03,,,,,,
434,-0.63,-1.66,0.56,,,,,,
435,0.45,-0.47,1.41,,,,,,
436,0.15,-0.86,1.35,,,,,,
437,0.58,-0.62,1.87,,,,,,
438,0.12,-0.98,1.21,,,,,,
439,-0.54,-1.79,0.97,,,,,,
440,-0.43,-1.46,0.71,,,,,,
441,-0.13,-1.06,0.88,,,,,,
442,0.09,-1.00,1.24,,,,,,
443,-0.19,-1.32,1.05,,,,,,
444,-0.38,-1.40,0.78,,,,,,
445,0.03,-0.94,0.99,,,,,,
446,-0.39,-1.37,0.66,,,,,,
447,-1.01,-1.90,0.26,,,,,,
448,-0.30,-1.05,0.45,,,,,,
449,-0.23,-1.21,1.14,,,,,,
450,-0.43,-1.50,0.75,,,,,,
451,0.21,-0.87,1.27,,,,,,
452,-0.44,-1.52,0.91,,,,,,
453,0.24,-1.06,1.85,,,,,,
454,-0.36,-1.43,0.99,,,,,,
455,-0.03,-1.08,1.03,,,,,,
456,-0.33,-1.25,0.63,,,,,,
457,0.18,-0.90,1.07,,,,,,
458,0.07,-1.10,1.18,,,,,,
459,-0.61,-1.52,0.35,,,,,,
460,-0.89,-2.04,0.49,,,,,,
461,-0.34,-1.32,0.69,,,,,,
462,-0.21,-1.17,0.83,,,,,,
463,-0.49,-1.22,0.36,,,,,,
464,-0.74,-1.46,0.14,,,,,,
465,-0.48,-1.46,0.64,,,,,,
466,-0.61,-1.42,0.27,,,,,,
467,-0.69,-1.49,0.23,,,,,,
468,-0.89,-1.54,-0.20,,,,,,
469,-0.73,-1.55,0.26,,,,,,
470,-0.26,-1.13,1.02,,,,,,
471,-0.20,-1.24,0.90,,,,,,
472,-0.70,-1.78,0.32,,,,,,
473,-1.36,-2.18,-0.53,,,,,,
474,-1.05,-2.17,0.26,,,,,,
475,-0.84,-1.80,0.50,,,,,,
476,-0.86,-1.73,0.27,,,,,,
477,-0.63,-1.49,0.47,,,,,,
478,-0.14,-1.13,0.98,,,,,,
479,-0.40,-1.32,0.66,,,,,,
480,-0.73,-1.78,0.30,,,,,,
481,-0.45,-1.57,0.89,,,,,,
482,-0.23,-1.27,1.12,,,,,,
483,-0.18,-1.29,0.97,,,,,,
484,0.22,-0.79,1.43,,,,,,
485,-0.63,-1.37,0.21,,,,,,
486,-0.32,-1.28,0.73,,,,,,
487,0.33,-0.70,1.33,,,,,,
488,-0.54,-1.57,0.88,,,,,,
489,-0.12,-0.95,0.87,,,,,,
490,0.36,-0.48,1.19,,,,,,
491,0.29,-0.69,1.24,,,,,,
492,-0.44,-1.45,0.74,,,,,,
493,0.19,-0.89,1.28,,,,,,
494,0.59,-0.52,1.70,,,,,,
495,-0.29,-1.39,1.06,,,,,,
496,0.57,-0.60,2.01,,,,,,
497,-0.02,-0.96,0.97,,,,,,
498,-0.32,-1.22,0.72,,,,,,
499,-0.32,-1.19,0.66,,,,,,
500,-0.46,-1.40,0.52,,,,,,
501,-0.65,-1.69,0.48,,,,,,
502,-0.43,-1.27,0.52,,,,,,
503,-0.27,-1.44,0.91,,,,,,
504,0.14,-0.98,1.32,,,,,,
505,-0.72,-1.75,0.63,,,,,,
506,-1.10,-1.86,-0.17,,,,,,
507,-0.59,-1.69,0.68,,,,,,
508,-0.63,-1.63,0.59,,,,,,
509,-1.01,-1.65,-0.36,,,,,,
510,-0.08,-1.16,1.31,,,,,,
511,-0.07,-1.25,1.29,,,,,,
512,-0.95,-1.95,0.43,,,,,,
513,0.24,-1.08,1.66,,,,,,
514,-0.41,-1.38,0.60,,,,,,
515,-0.20,-1.20,0.82,,,,,,
516,-0.23,-1.50,1.01,,,,,,
517,-0.87,-1.75,0.19,,,,,,
518,0.09,-0.87,1.15,,,,,,
519,0.19,-0.74,1.45,,,,,,
520,-0.26,-0.98,0.79,,,,,,
521,0.10,-0.71,1.03,,,,,,
522,-1.16,-2.25,0.21,,,,,,
523,-1.10,-1.95,-0.03,,,,,,
524,-0.10,-0.81,0.86,,,,,,
525,0.01,-0.81,0.84,,,,,,
526,-0.28,-1.19,0.96,,,,,,
527,-0.08,-1.05,1.09,,,,,,
528,-0.70,-1.58,0.33,,,,,,
529,-0.28,-0.92,0.49,,,,,,
530,-0.75,-1.84,0.31,,,,,,
531,-0.45,-1.43,0.70,,,,,,
532,-0.57,-1.61,0.74,,,,,,
533,-0.84,-1.82,0.34,,,,,,
534,-0.40,-1.44,0.90,,,,,,
535,-0.05,-1.13,1.11,,,,,,
536,-1.33,-2.67,0.22,,,,,,
537,-0.30,-1.60,1.30,,,,,,
538,-0.98,-2.17,0.44,,,,,,
539,-1.09,-2.20,0.25,,,,,,
540,-0.79,-1.85,0.41,,,,,,
541,-0.93,-2.18,0.53,,,,,,
542,-0.85,-1.88,0.51,,,,,,
543,-0.49,-1.72,1.04,,,,,,
544,-0.93,-2.03,0.50,,,,,,
545,-0.86,-1.82,0.35,,,,,,
546,-0.59,-1.74,0.85,,,,,,
547,-0.30,-1.44,1.15,,,,,,
548,0.63,-0.52,2.14,,,,,,
549,0.16,-0.91,1.41,,,,,,
550,0.23,-0.93,1.35,,,,,,
551,-0.45,-1.68,0.95,,,,,,
552,-0.28,-1.49,1.23,,,,,,
553,0.46,-0.69,1.89,,,,,,
554,-0.39,-1.36,0.70,,,,,,
555,0.18,-1.04,1.61,,,,,,
556,0.57,-0.43,1.67,,,,,,
557,0.37,-0.57,1.53,,,,,,
558,-0.10,-1.08,1.01,,,,,,
559,0.76,-0.28,1.96,,,,,,
560,0.06,-0.75,1.12,,,,,,
561,-0.14,-1.06,1.07,,,,,,
562,0.10,-0.80,1.15,,,,,,
563,0.12,-0.69,1.10,,,,,,
564,0.12,-1.02,1.35,,,,,,
565,-0.16,-1.37,1.27,,,,,,
566,-0.87,-1.80,0.18,,,,,,
567,0.04,-0.83,1.01,,,,,,
568,-0.09,-1.07,0.96,,,,,,
569,0.41,-0.63,1.66,,,,,,
570,-0.54,-1.74,0.76,,,,,,
571,-0.34,-1.50,0.92,,,,,,
572,0.19,-0.86,1.37,,,,,,
573,-0.58,-1.61,0.44,,,,,,
574,0.07,-0.92,1.42,,,,,,
575,-0.69,-2.02,0.68,,,,,,
576,-0.76,-1.94,0.57,,,,,,
577,-0.65,-1.52,0.49,,,,,,
578,-0.31,-1.34,0.85,,,,,,
579,-0.18,-1.03,0.96,,,,,,
580,-0.15,-1.12,0.85,,,,,,
581,-0.12,-1.08,1.08,,,,,,
582,-0.98,-1.96,0.40,,,,,,
583,-0.42,-1.49,0.88,,,,,,
584,-0.27,-1.29,0.95,,,,,,
585,-0.41,-1.37,0.63,,,,,,
586,0.16,-0.90,1.28,,,,,,
587,-0.04,-0.92,0.94,,,,,,
588,-0.16,-1.23,1.09,,,,,,
589,-0.77,-1.69,0.27,,,,,,
590,-0.34,-1.41,0.84,,,,,,
591,-0.42,-1.35,0.47,,,,,,
592,1.12,0.12,2.30,,,,,,
593,0.32,-0.75,1.35,,,,,,
594,0.71,-0.33,1.95,,,,,,
595,1.26,0.26,2.37,,,,,,
596,0.06,-1.01,1.41,,,,,,
597,0.26,-0.68,1.31,,,,,,
598,-0.68,-1.62,0.46,,,,,,
599,-0.16,-1.08,0.86,,,,,,
600,0.30,-0.74,1.42,,,,,,
601,0.38,-0.39,1.30,,,,,,
602,-0.05,-1.02,0.98,,,,,,
603,-0.63,-1.66,0.60,,,,,,
604,-0.43,-1.34,0.59,,,,,,
605,0.25,-0.81,1.57,,,,,,
606,0.01,-1.07,1.26,,,,,,
607,-0.56,-1.41,0.60,,,,,,
608,-1.32,-2.18,-0.30,,,,,,
609,-0.31,-1.25,0.82,,,,,,
610,-0.96,-1.92,0.37,,,,,,
611,-0.25,-1.33,1.08,,,,,,
612,-0.66,-1.53,0.27,,,,,,
613,-0.18,-1.29,0.99,,,,,,
614,-0.12,-0.87,0.78,,,,,,
615,-1.20,-2.05,-0.12,,,,,,
616,-0.11,-1.10,0.90,,,,,,
617,-0.03,-0.97,1.03,,,,,,
618,-0.62,-1.73,0.74,,,,,,
619,-0.87,-1.74,0.07,,,,,,
620,-0.19,-1.15,1.03,,,,,,
621,-1.40,-2.37,-0.24,,,,,,
622,-0.51,-1.45,0.43,,,,,,
623,0.30,-0.86,1.72,,,,,,
624,0.12,-0.82,1.26,,,,,,
625,0.36,-0.70,1.56,,,,,,
626,-0.40,-1.26,0.52,,,,,,
627,-0.65,-1.81,0.47,,,,,,
628,-1.16,-2.03,-0.18,,,,,,
629,-0.47,-1.32,0.42,,,,,,
630,-0.15,-1.04,0.84,,,,,,
631,-0.08,-0.96,0.92,,,,,,
632,0.32,-0.42,1.17,,,,,,
633,0.00,-0.84,0.90,,,,,,
634,-0.15,-0.89,0.70,,,,,,
635,0.35,-0.52,1.24,,,,,,
636,-0.08,-1.17,1.10,,,,,,
637,-0.58,-1.65,0.55,,,,,,
638,-0.78,-1.54,0.14,,,,,,
639,0.32,-0.64,1.48,,,,,,
640,-0.51,-1.41,0.64,,,,,,
641,0.01,-1.06,1.47,,,,,,
642,-1.09,-1.90,0.02,,,,,,
643,-0.90,-1.72,-0.05,,,,,,
644,-0.99,-1.74,-0.12,,,,,,
645,-0.04,-1.10,1.15,,,,,,
646,-0.98,-1.84,0.28,,,,,,
647,-1.34,-2.19,-0.16,,,,,,
648,-0.87,-1.96,0.54,,,,,,
649,-0.92,-1.80,0.21,,,,,,
650,-0.94,-1.76,0.15,,,,,,
651,-0.92,-1.63,-0.16,,,,,,
652,-0.03,-0.95,0.95,,,,,,
653,-0.65,-1.45,0.43,,,,,,
654,-0.93,-1.83,0.03,,,,,,
655,-0.53,-1.51,0.74,,,,,,
656,-0.15,-1.22,1.19,,,,,,
657,0.42,-0.55,1.48,,,,,,
658,0.22,-0.61,1.13,,,,,,
659,0.13,-0.71,1.10,,,,,,
660,-0.63,-1.46,0.30,,,,,,
661,-0.49,-1.53,0.78,,,,,,
662,-0.90,-1.83,0.39,,,,,,
663,-1.72,-2.47,-0.68,,,,,,
664,-0.56,-1.49,0.57,,,,,,
665,-0.37,-1.50,1.12,,,,,,
666,-0.30,-1.14,0.57,,,,,,
667,-0.37,-1.36,0.86,,,,,,
668,-0.59,-1.53,0.57,,,,,,
669,-0.72,-1.68,0.52,,,,,,
670,-0.20,-1.22,1.05,,,,,,
671,-0.37,-1.29,0.74,,,,,,
672,-0.88,-1.83,0.43,,,,,,
673,-0.05,-1.10,1.32,,,,,,
674,-0.53,-1.62,0.85,,,,,,
675,-0.90,-1.86,0.18,,,,,,
676,-0.76,-1.79,0.46,,,,,,
677,-0.99,-2.01,0.29,,,,,,
678,-2.10,-3.16,-0.91,,,,,,
679,-1.81,-2.84,-0.54,,,,,,
680,-1.62,-2.50,-0.58,,,,,,
681,-1.02,-1.87,-0.18,,,,,,
682,-2.04,-3.17,-0.85,,,,,,
683,-1.19,-2.09,-0.10,,,,,,
684,-1.46,-2.51,-0.09,,,,,,
685,-0.45,-1.59,0.83,,,,,,
686,-0.38,-1.13,0.36,,,,,,
687,-1.23,-1.98,-0.35,,,,,,
688,-1.26,-2.16,-0.15,,,,,,
689,-0.37,-1.38,0.70,,,,,,
690,-0.78,-1.53,-0.11,,,,,,
691,-0.25,-1.35,0.90,,,,,,
692,-0.34,-1.34,0.87,,,,,,
693,-1.19,-2.04,-0.06,,,,,,
694,0.79,-0.35,2.25,,,,,,
695,-1.05,-1.62,-0.39,,,,,,
696,-0.65,-1.52,0.23,,,,,,
697,-0.80,-1.79,-0.03,,,,,,
698,-0.77,-1.78,0.17,,,,,,
699,-0.69,-1.53,0.16,,,,,,
700,-1.26,-2.21,-0.37,,,,,,
701,0.14,-0.71,1.05,,,,,,
702,-0.74,-1.73,0.41,,,,,,
703,0.05,-0.82,1.14,,,,,,
704,-0.97,-1.93,0.31,,,,,,
705,-0.62,-1.61,0.54,,,,,,
706,-1.06,-2.05,0.08,,,,,,
707,-0.65,-1.66,0.63,,,,,,
708,-0.43,-1.41,0.49,,,,,,
709,-0.50,-1.63,0.70,,,,,,
710,-0.27,-1.34,0.84,,,,,,
711,-0.21,-1.24,0.66,,,,,,
712,-0.53,-1.56,0.58,,,,,,
713,-0.02,-1.02,1.12,,,,,,
714,-0.18,-1.00,0.72,,,,,,
715,-0.05,-0.77,0.69,,,,,,
716,-0.59,-1.42,0.45,,,,,,
717,-0.61,-1.56,0.56,,,,,,
718,-0.62,-1.46,0.57,,,,,,
719,-0.71,-1.53,0.40,,,,,,
720,-1.04,-1.78,-0.04,,,,,,
721,-1.40,-2.36,-0.32,,,,,,
722,-0.73,-1.64,0.29,,,,,,
723,-0.65,-1.69,0.48,,,,,,
724,-0.90,-2.02,0.30,,,,,,
725,-0.19,-1.37,1.32,,,,,,
726,-0.15,-1.19,1.05,,,,,,
727,0.03,-1.05,1.44,,,,,,
728,-0.52,-1.28,0.21,,,,,,
729,-0.81,-1.64,0.02,,,,,,
730,0.12,-0.85,1.33,,,,,,
731,0.35,-0.58,1.47,,,,,,
732,-1.07,-1.84,-0.33,,,,,,
733,-0.23,-1.05,0.63,,,,,,
734,-0.30,-1.16,0.43,,,,,,
735,-0.10,-0.91,0.77,,,,,,
736,-0.39,-1.27,0.76,,,,,,
737,-0.22,-1.30,0.91,,,,,,
738,-0.89,-1.71,-0.12,,,,,,
739,-0.41,-1.14,0.38,,,,,,
740,-0.51,-1.44,0.58,,,,,,
741,-0.38,-1.30,0.77,,,,,,
742,-0.35,-1.08,0.51,,,,,,
743,-1.04,-1.92,-0.10,,,,,,
744,-1.45,-2.30,-0.54,,,,,,
745,-0.47,-1.58,0.92,,,,,,
746,-0.89,-1.59,-0.01,,,,,,
747,-0.76,-1.66,0.38,,,,,,
748,0.66,-0.31,1.70,,,,,,
749,-0.07,-0.89,0.87,,,,,,
750,-0.59,-1.39,0.21,,,,,,
751,-0.43,-1.48,0.77,,,,,,
752,-1.64,-2.62,-0.71,,,,,,
753,-0.11,-0.80,0.62,,,,,,
754,0.09,-0.93,1.19,,,,,,
755,-0.37,-1.17,0.35,,,,,,
756,-1.08,-1.83,-0.29,,,,,,
757,-1.07,-1.94,0.11,,,,,,
758,-0.20,-1.14,0.87,,,,,,
759,0.07,-1.01,1.12,,,,,,
760,-0.70,-1.63,0.47,,,,,,
761,-0.73,-1.64,0.27,,,,,,
762,-0.83,-1.71,0.09,,,,,,
763,0.27,-0.75,1.45,,,,,,
764,0.65,-0.48,1.98,,,,,,
765,-0.10,-0.91,0.57,,,,,,
766,-0.26,-1.29,0.96,,,,,,
767,-0.35,-1.09,0.50,,,,,,
768,0.18,-0.64,1.01,,,,,,
769,-0.31,-0.97,0.45,,,,,,
770,-0.27,-1.04,0.62,,,,,,
771,-0.42,-1.26,0.60,,,,,,
772,-0.08,-0.98,1.10,,,,,,
773,0.04,-1.03,1.23,,,,,,
774,-0.51,-1.38,0.56,,,,,,
775,-0.22,-1.17,0.84,,,,,,
776,-0.48,-1.32,0.44,,,,,,
777,-0.89,-1.65,0.01,,,,,,
778,-0.53,-1.46,0.50,,,,,,
779,-0.97,-1.83,-0.11,,,,,,
780,-0.80,-1.76,0.20,,,,,,
781,-0.54,-0.98,0.08,,,,,,
782,-0.09,-0.88,0.76,,,,,,
783,-0.40,-1.24,0.83,,,,,,
784,-0.62,-1.39,0.31,,,,,,
785,-0.09,-0.93,0.80,,,,,,
786,0.36,-0.58,1.47,,,,,,
787,-0.21,-1.18,0.98,,,,,,
788,-0.69,-1.64,0.50,,,,,,
789,-0.50,-1.47,0.77,,,,,,
790,0.46,-0.45,1.39,,,,,,
791,-0.08,-1.04,1.20,,,,,,
792,0.16,-0.63,1.02,,,,,,
793,-0.13,-1.04,0.82,,,,,,
794,-0.96,-1.58,-0.28,,,,,,
795,-0.50,-1.31,0.57,,,,,,
796,-0.49,-1.30,0.46,,,,,,
797,-0.05,-0.89,1.09,,,,,,
798,0.13,-0.90,1.15,,,,,,
799,-0.30,-1.15,0.58,,,,,,
800,-0.89,-1.91,0.40,,,,,,
801,-0.46,-1.25,0.64,,,,,,
802,-0.80,-1.67,0.33,,,,,,
803,-1.52,-2.26,-0.66,,,,,,
804,-1.40,-2.14,-0.34,,,,,,
805,-0.51,-1.42,0.50,,,,,,
806,-0.64,-1.42,0.45,,,,,,
807,-0.55,-1.42,0.46,,,,,,
808,-0.42,-1.15,0.48,,,,,,
809,-0.13,-1.17,1.15,,,,,,
810,-0.85,-1.79,0.47,,,,,,
811,-0.98,-1.83,0.12,,,,,,
812,-0.73,-1.62,0.40,,,,,,
813,-0.22,-1.12,0.87,,,,,,
814,-0.89,-1.65,0.07,,,,,,
815,-0.75,-1.64,0.29,,,,,,
816,-0.28,-1.21,0.98,,,,,,
817,-0.09,-1.16,1.20,,,,,,
818,-0.44,-1.28,0.65,,,,,,
819,-0.05,-1.07,1.17,,,,,,
820,-0.04,-1.05,1.23,,,,,,
821,-0.41,-1.30,0.61,,,,,,
822,0.02,-0.70,0.83,,,,,,
823,-0.33,-1.16,0.52,,,,,,
824,-0.80,-1.71,0.11,,,,,,
825,-0.59,-1.30,0.15,,,,,,
826,-1.40,-2.19,-0.31,,,,,,
827,-0.22,-1.17,0.97,,,,,,
828,-0.01,-0.91,0.95,,,,,,
829,-0.83,-1.65,0.11,,,,,,
830,-0.49,-1.37,0.52,,,,,,
831,-0.81,-1.57,0.22,,,,,,
832,-0.67,-1.51,0.27,,,,,,
833,-0.34,-1.12,0.54,,,,,,
834,0.01,-1.06,1.15,,,,,,
835,-0.07,-1.06,1.06,,,,,,
836,-0.34,-1.19,0.60,,,,,,
837,-0.07,-0.95,1.06,,,,,,
838,-0.24,-1.06,0.68,,,,,,
839,-0.42,-1.35,0.65,,,,,,
840,-0.08,-0.82,0.57,,,,,,
841,0.03,-0.75,0.94,,,,,,
842,-0.11,-1.03,1.01,,,,,,
843,0.49,-0.41,1.72,,,,,,
844,-0.09,-0.99,0.82,,,,,,
845,-0.29,-1.21,0.83,,,,,,
846,-0.42,-1.32,0.76,,,,,,
847,-0.64,-1.48,0.26,,,,,,
848,-0.98,-1.69,-0.08,,,,,,
849,-0.73,-1.47,0.10,,,,,,
850,0.12,-0.83,1.26,,,,,,
851,-0.66,-1.51,0.37,,,,,,
852,-0.67,-1.56,0.52,,,,,,
853,-0.18,-1.17,0.99,,,,,,
854,-1.38,-2.31,-0.27,,,,,,
855,-0.05,-1.01,1.15,,,,,,
856,-0.38,-1.21,0.80,,,,,,
857,-0.64,-1.25,0.19,,,,,,
858,-0.32,-1.18,0.71,,,,,,
859,-0.45,-1.29,0.53,,,,,,
860,-0.63,-1.43,0.42,,,,,,
861,-0.39,-1.11,0.49,,,,,,
862,-0.66,-1.59,0.42,,,,,,
863,-0.19,-1.03,0.77,,,,,,
864,-0.47,-1.45,0.68,,,,,,
865,-0.80,-1.75,0.40,,,,,,
866,-0.36,-1.16,0.65,,,,,,
867,-0.88,-1.56,-0.05,,,,,,
868,-0.98,-1.78,0.01,,,,,,
869,-0.46,-1.28,0.59,,,,,,
870,0.03,-0.90,1.30,,,,,,
871,0.26,-0.75,1.57,,,,,,
872,0.28,-0.54,1.19,,,,,,
873,0.09,-0.66,1.01,,,,,,
874,-0.16,-0.85,0.66,,,,,,
875,-0.81,-1.60,0.05,,,,,,
876,-0.57,-1.45,0.35,,,,,,
877,-0.02,-0.80,0.75,,,,,,
878,-0.24,-1.04,0.58,,,,,,
879,-0.06,-0.89,0.63,,,,,,
880,-0.17,-0.98,0.56,,,,,,
881,-0.58,-1.29,0.25,,,,,,
882,-0.28,-0.93,0.57,,,,,,
883,-0.84,-1.64,0.01,,,,,,
884,-0.88,-1.70,0.00,,,,,,
885,-0.40,-1.16,0.33,,,,,,
886,-0.79,-1.50,0.06,,,,,,
887,-0.09,-0.95,0.72,,,,,,
888,-1.00,-1.73,-0.20,,,,,,
889,-0.50,-1.11,0.19,,,,,,
890,-0.40,-1.14,0.34,,,,,,
891,-0.39,-1.16,0.54,,,,,,
892,-0.20,-0.91,0.80,,,,,,
893,-0.72,-1.52,0.22,,,,,,
894,-0.09,-0.79,0.62,,,,,,
895,-0.14,-0.90,0.66,,,,,,
896,0.15,-0.63,0.99,,,,,,
897,-0.01,-0.87,0.77,,,,,,
898,-0.69,-1.36,0.04,,,,,,
899,0.01,-0.71,0.67,,,,,,
900,-0.47,-1.20,0.33,,,,,,
901,-0.31,-1.10,0.61,,,,,,
902,-0.26,-1.04,0.55,,,,,,
903,-0.88,-1.69,0.02,,,,,,
904,-0.44,-1.28,0.50,,,,,,
905,-0.94,-1.69,-0.04,,,,,,
906,-0.68,-1.40,0.09,,,,,,
907,-0.60,-1.50,0.44,,,,,,
908,-0.60,-1.44,0.41,,,,,,
909,-0.88,-1.56,-0.01,,,,,,
910,-0.26,-1.10,0.82,,,,,,
911,-0.16,-1.12,0.75,,,,,,
912,-0.43,-1.13,0.35,,,,,,
913,-0.65,-1.28,0.18,,,,,,
914,-0.77,-1.47,0.16,,,,,,
915,-0.21,-1.05,0.89,,,,,,
916,-1.24,-1.95,-0.15,,,,,,
917,-0.47,-1.18,0.45,,,,,,
918,-0.74,-1.54,0.24,,,,,,
919,-0.49,-1.17,0.21,,,,,,
920,-0.47,-1.20,0.35,,,,,,
921,-0.43,-1.17,0.51,,,,,,
922,-0.95,-1.74,0.14,,,,,,
923,-1.11,-1.78,-0.35,,,,,,
924,-0.60,-1.30,0.18,,,,,,
925,-0.25,-1.07,0.63,,,,,,
926,-0.57,-1.22,0.31,,,,,,
927,-0.48,-1.11,0.24,,,,,,
928,0.19,-0.65,1.23,,,,,,
929,0.43,-0.37,1.36,,,,,,
930,-0.24,-1.06,0.68,,,,,,
931,-0.05,-0.76,0.60,,,,,,
932,0.67,-0.27,1.54,,,,,,
933,0.57,-0.47,1.54,,,,,,
934,-0.07,-1.04,0.79,,,,,,
935,0.15,-0.81,1.06,,,,,,
936,-0.27,-1.17,0.54,,,,,,
937,-0.14,-1.06,0.85,,,,,,
938,0.22,-0.46,0.98,,,,,,
939,0.74,-0.07,1.51,,,,,,
940,-1.29,-2.11,-0.43,,,,,,
941,-0.28,-1.19,0.75,,,,,,
942,-0.04,-0.77,0.60,,,,,,
943,-0.40,-1.19,0.66,,,,,,
944,-0.10,-0.98,0.91,,,,,,
945,-0.10,-1.03,0.86,,,,,,
946,0.44,-0.57,1.64,,,,,,
947,-0.43,-1.11,0.41,,,,,,
948,-0.24,-1.02,0.54,,,,,,
949,0.28,-0.52,1.20,,,,,,
950,-0.17,-1.08,0.98,,,,,,
951,-0.44,-1.31,0.52,,,,,,
952,-0.49,-1.24,0.33,,,,,,
953,0.09,-0.72,0.98,,,,,,
954,-0.17,-0.82,0.60,,,,,,
955,-0.34,-0.92,0.40,,,,,,
956,-0.40,-1.24,0.59,,,,,,
957,0.29,-0.68,1.43,,,,,,
958,-0.06,-0.90,0.91,,,,,,
959,-0.13,-0.78,0.62,,,,,,
960,0.02,-0.77,1.00,,,,,,
961,-0.01,-0.84,1.00,,,,,,
962,-0.09,-1.05,0.96,,,,,,
963,0.11,-0.72,0.84,,,,,,
964,-0.31,-1.01,0.42,,,,,,
965,-0.34,-1.00,0.32,,,,,,
966,-0.23,-1.01,0.62,,,,,,
967,-0.01,-0.85,0.89,,,,,,
968,0.18,-0.69,1.08,,,,,,
969,-0.03,-0.72,0.63,,,,,,
970,-0.06,-0.92,0.75,,,,,,
971,-0.57,-1.33,0.18,,,,,,
972,-0.51,-1.46,0.34,,,,,,
973,-0.22,-0.96,0.71,,,,,,
974,0.18,-0.80,1.26,,,,,,
975,-0.49,-1.29,0.37,,,,,,
976,-0.63,-1.42,0.38,,,,,,
977,0.32,-0.47,1.18,,,,,,
978,0.60,-0.37,1.65,,,,,,
979,-0.14,-0.93,0.77,,,,,,
980,0.01,-0.88,0.94,,,,,,
981,-0.48,-1.32,0.50,,,,,,
982,-0.37,-1.28,0.68,,,,,,
983,-0.37,-1.12,0.33,,,,,,
984,-0.68,-1.52,0.38,,,,,,
985,-0.75,-1.46,0.08,,,,,,
986,0.06,-0.74,0.76,,,,,,
987,-0.19,-1.23,0.92,,,,,,
988,-0.09,-0.98,0.89,,,,,,
989,0.38,-0.58,1.29,,,,,,
990,0.43,-0.40,1.26,,,,,,
991,0.24,-0.55,1.07,,,,,,
992,0.86,0.06,1.71,,,,,,
993,0.06,-0.63,0.75,,,,,,
994,0.30,-0.48,1.12,,,,,,
995,0.58,-0.19,1.34,,,,,,
996,0.20,-0.69,1.20,,,,,,
997,-0.33,-1.27,0.54,,,,,,
998,0.58,-0.28,1.36,,,,,,
999,0.40,-0.42,1.18,,,,,,
1000,0.42,-0.38,1.19,,,,,,
1001,-0.15,-1.02,0.79,,,,,,
1002,-0.31,-1.21,0.59,,,,,,
1003,-0.09,-0.95,0.93,,,,,,
1004,0.45,-0.54,1.62,,,,,,
1005,0.37,-0.61,1.42,,,,,,
1006,0.62,-0.36,1.80,,,,,,
1007,0.03,-0.86,1.02,,,,,,
1008,-0.27,-1.10,0.79,,,,,,
1009,0.11,-0.78,1.29,,,,,,
1010,-0.37,-1.08,0.51,,,,,,
1011,-0.62,-1.48,0.39,,,,,,
1012,-0.25,-0.99,0.62,,,,,,
1013,-0.09,-0.84,0.82,,,,,,
1014,-0.26,-1.16,0.86,,,,,,
1015,0.30,-0.66,1.37,,,,,,
1016,0.61,-0.30,1.67,,,,,,
1017,0.18,-0.63,1.02,,,,,,
1018,0.43,-0.43,1.50,,,,,,
1019,0.26,-0.74,1.32,,,,,,
1020,0.26,-0.65,1.15,,,,,,
1021,-0.18,-1.17,0.77,,,,,,
1022,0.16,-0.70,1.06,,,,,,
1023,-0.22,-1.19,0.79,,,,,,
1024,-0.31,-1.22,0.47,,,,,,
1025,0.11,-0.89,1.19,,,,,,
1026,0.07,-0.87,0.94,,,,,,
1027,-0.28,-1.14,0.52,,,,,,
1028,-0.32,-1.19,0.67,,,,,,
1029,-0.18,-1.01,0.79,,,,,,
1030,0.32,-0.55,1.28,,,,,,
1031,0.18,-0.66,1.09,,,,,,
1032,-0.12,-0.94,0.78,,,,,,
1033,0.51,-0.40,1.52,,,,,,
1034,-0.19,-1.10,0.78,,,,,,
1035,-0.21,-1.06,0.75,,,,,,
1036,0.64,-0.24,1.44,,,,,,
1037,0.14,-0.72,1.05,,,,,,
1038,-0.13,-1.08,0.68,,,,,,
1039,0.10,-0.60,0.82,,,,,,
1040,-0.23,-0.98,0.62,,,,,,
1041,-0.56,-1.25,0.27,,,,,,
1042,-0.83,-1.53,0.17,,,,,,
1043,0.17,-0.73,1.08,,,,,,
1044,-0.29,-1.13,0.57,,,,,,
1045,-1.08,-1.76,-0.24,,,,,,
1046,-1.11,-1.76,-0.35,,,,,,
1047,-0.33,-1.03,0.50,,,,,,
1048,-0.61,-1.32,0.14,,,,,,
1049,-0.31,-1.04,0.61,,,,,,
1050,-0.30,-1.06,0.58,,,,,,
1051,-0.57,-1.48,0.50,,,,,,
1052,-0.51,-1.32,0.48,,,,,,
1053,0.18,-0.72,1.20,,,,,,
1054,-0.47,-1.16,0.34,,,,,,
1055,-0.44,-1.31,0.49,,,,,,
1056,-0.37,-1.17,0.43,,,,,,
1057,-0.26,-1.02,0.51,,,,,,
1058,-0.67,-1.52,0.36,,,,,,
1059,-0.35,-1.03,0.43,,,,,,
1060,-0.37,-1.21,0.59,,,,,,
1061,0.55,-0.19,1.16,,,,,,
1062,0.16,-0.56,1.10,,,,,,
1063,-0.07,-0.77,0.65,,,,,,
1064,-0.26,-1.10,0.59,,,,,,
1065,-0.50,-1.14,0.22,,,,,,
1066,0.33,-0.34,1.05,,,,,,
1067,-0.24,-0.86,0.41,,,,,,
1068,-0.54,-1.27,0.30,,,,,,
1069,-0.54,-1.25,0.19,,,,,,
1070,-0.38,-1.02,0.38,,,,,,
1071,-0.55,-1.32,0.36,,,,,,
1072,-0.25,-1.07,0.75,,,,,,
1073,0.26,-0.61,1.23,,,,,,
1074,-0.12,-0.86,0.75,,,,,,
1075,0.16,-0.70,1.21,,,,,,
1076,-0.05,-0.78,0.96,,,,,,
1077,-0.39,-1.26,0.75,,,,,,
1078,-0.26,-1.08,0.80,,,,,,
1079,-0.49,-1.28,0.50,,,,,,
1080,-0.33,-1.16,0.75,,,,,,
1081,0.40,-0.48,1.50,,,,,,
1082,0.22,-0.52,1.04,,,,,,
1083,0.23,-0.66,1.21,,,,,,
1084,-0.07,-0.77,0.77,,,,,,
1085,-0.11,-0.86,0.80,,,,,,
1086,0.38,-0.30,1.19,,,,,,
1087,0.07,-0.67,0.78,,,,,,
1088,-0.02,-0.85,0.92,,,,,,
1089,0.17,-0.76,1.18,,,,,,
1090,-0.24,-0.97,0.56,,,,,,
1091,-0.24,-1.14,0.75,,,,,,
1092,-0.42,-1.39,0.67,,,,,,
1093,0.12,-0.75,0.95,,,,,,
1094,-0.46,-1.28,0.43,,,,,,
1095,0.14,-0.64,0.99,,,,,,
1096,-0.62,-1.30,0.43,,,,,,
1097,-1.00,-1.62,-0.22,,,,,,
1098,-0.52,-1.27,0.40,,,,,,
1099,-0.94,-1.59,-0.13,,,,,,
1100,-0.38,-1.04,0.36,,,,,,
1101,-1.32,-1.96,-0.53,,,,,,
1102,-0.37,-1.28,0.48,,,,,,
1103,-0.22,-0.82,0.45,,,,,,
1104,0.52,-0.29,1.65,,,,,,
1105,-0.07,-0.91,0.97,,,,,,
1106,0.58,-0.26,1.40,,,,,,
1107,0.09,-0.75,1.10,,,,,,
1108,-0.47,-1.28,0.63,,,,,,
1109,-0.17,-1.01,0.87,,,,,,
1110,-1.10,-1.76,-0.05,,,,,,
1111,-0.80,-1.62,0.17,,,,,,
1112,-0.45,-1.21,0.53,,,,,,
1113,-0.26,-1.10,0.72,,,,,,
1114,-0.24,-1.16,0.82,,,,,,
1115,-0.39,-1.08,0.56,,,,,,
1116,-0.29,-1.08,0.66,,,,,,
1117,-0.21,-1.05,0.84,,,,,,
1118,-0.83,-1.41,0.07,,,,,,
1119,-0.76,-1.56,0.17,,,,,,
1120,-0.52,-1.33,0.44,,,,,,
1121,-1.06,-1.74,-0.18,,,,,,
1122,-0.28,-1.23,0.91,,,,,,
1123,-0.36,-1.09,0.64,,,,,,
1124,-0.70,-1.50,0.28,,,,,,
1125,-0.88,-1.79,0.38,,,,,,
1126,-0.23,-1.15,0.92,,,,,,
1127,-0.64,-1.41,0.40,,,,,,
1128,-0.65,-1.49,0.39,,,,,,
1129,-0.87,-1.61,0.05,,,,,,
1130,-0.68,-1.51,0.21,,,,,,
1131,0.00,-0.83,1.00,,,,,,
1132,-0.06,-0.82,0.97,,,,,,
1133,-0.17,-1.03,0.93,,,,,,
1134,-0.10,-0.91,0.88,,,,,,
1135,-0.29,-1.20,0.85,,,,,,
1136,-0.54,-1.36,0.48,,,,,,
1137,-0.03,-0.90,1.06,,,,,,
1138,-0.35,-1.13,0.60,,,,,,
1139,-0.38,-1.31,0.76,,,,,,
1140,-0.59,-1.54,0.58,,,,,,
1141,0.39,-0.54,1.42,,,,,,
1142,0.49,-0.37,1.54,,,,,,
1143,0.43,-0.51,1.53,,,,,,
1144,0.38,-0.43,1.28,,,,,,
1145,0.04,-0.74,0.94,,,,,,
1146,0.19,-0.72,1.10,,,,,,
1147,0.22,-0.47,0.99,,,,,,
1148,-0.11,-0.78,0.74,,,,,,
1149,-0.57,-1.30,0.22,,,,,,
1150,-0.18,-1.06,0.74,,,,,,
1151,-0.77,-1.63,0.10,,,,,,
1152,-0.46,-1.37,0.50,,,,,,
1153,-0.40,-1.18,0.25,,,,,,
1154,-0.98,-1.80,-0.07,,,,,,
1155,-0.30,-1.09,0.59,,,,,,
1156,-0.47,-1.30,0.50,,,,,,
1157,-0.73,-1.62,0.25,,,,,,
1158,-0.41,-1.27,0.65,,,,,,
1159,-0.07,-1.02,0.99,,,,,,
1160,-0.03,-0.91,0.89,,,,,,
1161,-0.44,-1.25,0.35,,,,,,
1162,0.16,-0.73,1.15,,,,,,
1163,0.07,-0.70,0.87,,,,,,
1164,-0.14,-0.86,0.70,,,,,,
1165,-0.39,-1.20,0.45,,,,,,
1166,-0.62,-1.46,0.25,,,,,,
1167,-0.72,-1.38,-0.01,,,,,,
1168,0.05,-0.81,0.88,,,,,,
1169,0.00,-0.89,1.03,,,,,,
1170,-0.02,-0.90,1.04,,,,,,
1171,-0.67,-1.45,0.32,,,,,,
1172,-0.69,-1.48,0.39,,,,,,
1173,-0.15,-1.02,1.01,,,,,,
1174,-0.33,-1.21,0.66,,,,,,
1175,0.34,-0.59,1.44,,,,,,
1176,0.04,-0.82,0.88,,,,,,
1177,-0.23,-0.99,0.53,,,,,,
1178,-0.51,-1.18,0.27,,,,,,
1179,-0.99,-1.53,-0.24,,,,,,
1180,-0.76,-1.44,0.05,,,,,,
1181,0.13,-0.65,1.11,,,,,,
1182,-0.70,-1.53,0.37,,,,,,
1183,-0.67,-1.59,0.41,,,,,,
1184,-0.25,-1.08,0.76,,,,,,
1185,-0.47,-1.21,0.34,,,,,,
1186,-0.88,-1.70,-0.05,,,,,,
1187,-0.68,-1.45,0.16,,,,,,
1188,0.00,-0.72,0.78,,,,,,
1189,-0.50,-1.20,0.39,,,,,,
1190,-0.95,-1.70,-0.16,,,,,,
1191,-0.74,-1.60,0.17,,,,,,
1192,-0.69,-1.43,0.04,,,,,,
1193,-0.73,-1.51,0.15,,,,,,
1194,-0.88,-1.68,-0.04,,,,,,
1195,-1.19,-2.03,-0.36,,,,,,
1196,-0.88,-1.70,0.15,,,,,,
1197,-0.41,-1.21,0.49,,,,,,
1198,-1.15,-1.80,-0.34,,,,,,
1199,-0.09,-0.85,0.71,,,,,,
1200,-0.53,-1.31,0.39,,,,,,
1201,-0.74,-1.42,-0.05,,,,,,
1202,-0.62,-1.28,0.10,,,,,,
1203,-0.50,-1.15,0.18,,,,,,
1204,-0.05,-0.74,0.65,,,,,,
1205,-0.31,-1.00,0.52,,,,,,
1206,-0.59,-1.34,0.40,,,,,,
1207,-0.66,-1.42,0.18,,,,,,
1208,-0.38,-1.14,0.49,,,,,,
1209,-0.39,-1.01,0.30,,,,,,
1210,-0.37,-1.31,0.78,,,,,,
1211,-0.23,-0.87,0.60,,,,,,
1212,0.20,-0.52,0.89,,,,,,
1213,-1.41,-2.09,-0.51,,,,,,
1214,-0.54,-1.24,0.36,,,,,,
1215,-0.52,-1.18,0.43,,,,,,
1216,-0.46,-1.02,0.28,,,,,,
1217,0.16,-0.73,1.16,,,,,,
1218,-0.29,-0.99,0.52,,,,,,
1219,-0.33,-1.12,0.63,,,,,,
1220,-0.15,-0.93,0.74,,,,,,
1221,0.23,-0.67,1.21,,,,,,
1222,-0.05,-0.71,0.68,,,,,,
1223,-0.07,-0.80,0.72,,,,,,
1224,0.40,-0.49,1.37,,,,,,
1225,0.11,-0.67,0.89,,,,,,
1226,-0.27,-0.97,0.59,,,,,,
1227,-0.18,-0.98,0.78,,,,,,
1228,-0.25,-1.01,0.60,,,,,,
1229,-0.85,-1.67,0.06,,,,,,
1230,-0.37,-1.02,0.39,,,,,,
1231,-0.37,-1.19,0.61,,,,,,
1232,-0.58,-1.28,0.33,,,,,,
1233,-0.59,-1.33,0.37,,,,,,
1234,-0.45,-1.33,0.62,,,,,,
1235,-0.48,-1.16,0.28,,,,,,
1236,-0.97,-1.54,-0.20,,,,,,
1237,0.03,-0.77,0.89,,,,,,
1238,-0.42,-1.09,0.51,,,,,,
1239,-0.57,-1.28,0.33,,,,,,
1240,-0.14,-0.77,0.66,,,,,,
1241,-0.11,-0.93,0.91,,,,,,
1242,-0.23,-1.00,0.70,,,,,,
1243,-0.49,-1.30,0.59,,,,,,
1244,-0.24,-0.82,0.65,,,,,,
1245,-0.76,-1.40,0.02,,,,,,
1246,-0.27,-1.12,0.75,,,,,,
1247,-0.86,-1.53,0.01,,,,,,
1248,-0.67,-1.26,-0.03,,,,,,
1249,-0.25,-0.96,0.54,,,,,,
1250,0.21,-0.59,0.98,,,,,,
1251,-0.21,-0.93,0.57,,,,,,
1252,-1.32,-1.93,-0.50,,,,,,
1253,-0.30,-1.14,0.45,,,,,,
1254,-0.18,-0.86,0.53,,,,,,
1255,-0.13,-0.79,0.53,,,,,,
1256,-0.96,-1.51,-0.32,,,,,,
1257,0.47,-0.27,1.11,,,,,,
1258,-0.41,-1.22,0.41,,,,,,
1259,-1.15,-1.70,-0.35,,,,,,
1260,-1.09,-1.72,-0.29,,,,,,
1261,-0.79,-1.40,0.15,,,,,,
1262,-1.17,-1.81,-0.38,,,,,,
1263,-1.41,-2.06,-0.43,,,,,,
1264,-0.96,-1.53,-0.25,,,,,,
1265,-0.65,-1.41,0.11,,,,,,
1266,-0.96,-1.60,-0.25,,,,,,
1267,-1.06,-1.54,-0.42,,,,,,
1268,-0.44,-1.04,0.21,,,,,,
1269,-0.29,-1.08,0.57,,,,,,
1270,-0.71,-1.46,0.18,,,,,,
1271,-1.21,-1.86,-0.42,,,,,,
1272,-0.59,-1.42,0.41,,,,,,
1273,-0.78,-1.42,0.10,,,,,,
1274,-0.98,-1.84,0.06,,,,,,
1275,-0.51,-1.42,0.42,,,,,,
1276,-0.89,-1.56,-0.15,,,,,,
1277,-0.63,-1.25,0.14,,,,,,
1278,-0.87,-1.52,-0.11,,,,,,
1279,-0.94,-1.49,-0.27,,,,,,
1280,-1.05,-1.56,-0.42,,,,,,
1281,-0.67,-1.27,0.14,,,,,,
1282,-0.85,-1.51,0.05,,,,,,
1283,-0.45,-1.22,0.32,,,,,,
1284,-1.14,-1.67,-0.57,,,,,,
1285,-0.81,-1.40,-0.05,,,,,,
1286,-0.70,-1.41,0.10,,,,,,
1287,-0.40,-1.12,0.36,,,,,,
1288,0.00,-0.78,0.98,,,,,,
1289,-0.84,-1.58,0.06,,,,,,
1290,-0.93,-1.57,-0.10,,,,,,
1291,-0.76,-1.43,0.14,,,,,,
1292,-0.29,-1.07,0.50,,,,,,
1293,-0.98,-1.70,0.02,,,,,,
1294,-0.93,-1.58,-0.06,,,,,,
1295,-1.03,-1.78,-0.21,,,,,,
1296,-0.96,-1.60,-0.11,,,,,,
1297,-0.55,-1.30,0.40,,,,,,
1298,-0.46,-1.28,0.49,,,,,,
1299,-0.51,-1.19,0.22,,,,,,
1300,-1.25,-1.97,-0.46,,,,,,
1301,-0.51,-1.09,0.15,,,,,,
1302,-0.99,-1.66,-0.24,,,,,,
1303,-0.79,-1.44,-0.14,,,,,,
1304,-1.00,-1.54,-0.44,,,,,,
1305,-0.45,-1.18,0.19,,,,,,
1306,-0.58,-1.25,0.10,,,,,,
1307,-0.18,-0.93,0.48,,,,,,
1308,-0.47,-1.27,0.31,,,,,,
1309,-0.80,-1.53,-0.04,,,,,,
1310,-0.75,-1.39,-0.10,,,,,,
1311,-0.22,-0.88,0.50,,,,,,
1312,-0.94,-1.55,-0.13,,,,,,
1313,-1.21,-1.84,-0.52,,,,,,
1314,-0.83,-1.51,0.04,,,,,,
1315,-0.54,-1.25,0.17,,,,,,
1316,-0.70,-1.40,0.06,,,,,,
1317,-1.59,-2.26,-0.81,,,,,,
1318,-1.07,-1.65,-0.38,,,,,,
1319,-1.35,-1.87,-0.69,,,,,,
1320,-1.45,-2.19,-0.55,,,,,,
1321,-0.90,-1.45,-0.30,,,,,,
1322,-1.30,-1.86,-0.69,,,,,,
1323,-0.65,-1.39,0.18,,,,,,
1324,-0.61,-1.34,0.11,,,,,,
1325,-0.56,-1.24,0.12,,,,,,
1326,-0.49,-1.16,0.22,,,,,,
1327,-0.35,-1.12,0.52,,,,,,
1328,-1.23,-1.85,-0.52,,,,,,
1329,-0.79,-1.42,-0.11,,,,,,
1330,-1.53,-2.14,-0.76,,,,,,
1331,-0.92,-1.66,-0.02,,,,,,
1332,-1.24,-1.87,-0.43,,,,,,
1333,-1.01,-1.64,-0.24,,,,,,
1334,-0.74,-1.47,0.09,,,,,,
1335,-0.99,-1.64,-0.14,,,,,,
1336,-1.06,-1.80,-0.33,,,,,,
1337,-1.20,-1.86,-0.40,,,,,,
1338,-1.64,-2.26,-0.79,,,,,,
1339,-0.72,-1.43,-0.03,,,,,,
1340,-0.71,-1.63,0.26,,,,,,
1341,-0.71,-1.43,0.08,,,,,,
1342,-0.86,-1.60,-0.02,,,,,,
1343,-0.35,-1.15,0.63,,,,,,
1344,-0.88,-1.62,0.17,,,,,,
1345,-1.64,-2.29,-0.75,,,,,,
1346,-1.41,-2.27,-0.45,,,,,,
1347,-0.92,-1.74,-0.02,,,,,,
1348,-1.36,-2.05,-0.46,,,,,,
1349,-1.31,-1.94,-0.57,,,,,,
1350,-1.40,-2.06,-0.54,,,,,,
1351,-0.34,-0.95,0.36,,,,,,
1352,-1.05,-1.64,-0.46,,,,,,
1353,-1.22,-1.80,-0.54,,,,,,
1354,-1.24,-1.75,-0.62,,,,,,
1355,-0.54,-1.19,0.05,,,,,,
1356,-1.00,-1.77,-0.17,,,,,,
1357,-0.75,-1.29,-0.14,,,,,,
1358,-0.95,-1.70,-0.18,,,,,,
1359,-0.87,-1.43,-0.31,,,,,,
1360,-0.58,-1.20,0.11,,,,,,
1361,-0.89,-1.61,-0.10,,,,,,
1362,-0.79,-1.45,-0.05,,,,,,
1363,-1.48,-2.12,-0.71,,,,,,
1364,-0.95,-1.75,-0.05,,,,,,
1365,-0.66,-1.38,0.02,,,,,,
1366,-0.37,-0.89,0.10,,,,,,
1367,-0.18,-0.91,0.63,,,,,,
1368,-0.69,-1.48,0.03,,,,,,
1369,-0.76,-1.42,0.04,,,,,,
1370,-0.36,-1.12,0.55,,,,,,
1371,-0.99,-1.51,-0.38,,,,,,
1372,-1.14,-1.78,-0.33,,,,,,
1373,-0.77,-1.38,-0.15,,,,,,
1374,-0.48,-1.30,0.39,,,,,,
1375,-1.00,-1.64,-0.25,,,,,,
1376,-0.87,-1.56,-0.11,,,,,,
1377,-1.32,-2.09,-0.56,,,,,,
1378,-0.94,-1.71,-0.25,,,,,,
1379,-0.84,-1.47,-0.10,,,,,,
1380,-1.08,-1.70,-0.34,,,,,,
1381,-1.48,-2.18,-0.70,,,,,,
1382,-1.39,-1.94,-0.73,,,,,,
1383,-0.96,-1.67,-0.20,,,,,,
1384,-0.84,-1.53,-0.13,,,,,,
1385,-1.13,-1.79,-0.41,,,,,,
1386,-1.10,-1.80,-0.36,,,,,,
1387,-1.07,-1.70,-0.34,,,,,,
1388,-0.95,-1.56,-0.20,,,,,,
1389,-0.71,-1.46,0.12,,,,,,
1390,-0.62,-1.20,0.03,,,,,,
1391,-0.44,-1.20,0.24,,,,,,
1392,-1.19,-1.71,-0.55,,,,,,
1393,-1.11,-1.72,-0.30,,,,,,
1394,-0.84,-1.40,-0.15,,,,,,
1395,-0.64,-1.32,0.35,,,,,,
1396,-0.21,-0.99,0.63,,,,,,
1397,-0.32,-0.96,0.40,,,,,,
1398,-0.96,-1.52,-0.32,,,,,,
1399,-0.97,-1.59,-0.28,,,,,,
1400,-1.23,-1.88,-0.50,,,,,,
1401,-1.23,-1.88,-0.47,,,,,,
1402,-1.49,-2.07,-0.78,,,,,,
1403,-0.21,-0.94,0.56,,,,,,
1404,-0.71,-1.31,-0.08,,,,,,
1405,-0.64,-1.38,0.04,,,,,,
1406,-0.24,-0.93,0.40,,,,,,
1407,-0.83,-1.54,-0.11,,,,,,
1408,-0.46,-1.16,0.31,,,,,,
1409,-0.82,-1.53,-0.06,,,,,,
1410,-0.53,-1.19,0.15,,,,,,
1411,-0.11,-0.79,0.59,,,,,,
1412,-0.71,-1.31,0.02,,,,,,
1413,-0.45,-1.09,0.16,,,,,,
1414,-0.57,-1.24,0.08,,,,,,
1415,-0.54,-1.18,0.24,,,,,,
1416,-0.85,-1.60,-0.05,,,,,,
1417,-0.60,-1.34,0.19,,,,,,
1418,-0.16,-0.92,0.56,,,,,,
1419,0.06,-0.63,0.72,,,,,,
1420,-0.21,-0.91,0.46,,,,,,
1421,-0.39,-0.95,0.29,,,,,,
1422,-0.83,-1.32,-0.25,,,,,,
1423,-0.77,-1.37,-0.10,,,,,,
1424,-0.11,-0.58,0.32,,,,,,
1425,-0.14,-0.88,0.49,,,,,,
1426,-0.77,-1.49,-0.01,,,,,,
1427,-0.29,-0.90,0.26,,,,,,
1428,-0.70,-1.36,0.00,,,,,,
1429,-0.62,-1.13,-0.10,,,,,,
1430,-0.17,-0.84,0.38,,,,,,
1431,-0.28,-0.94,0.35,,,,,,
1432,-0.29,-0.92,0.32,,,,,,
1433,-0.63,-1.34,0.12,,,,,,
1434,-0.57,-1.37,0.20,,,,,,
1435,-0.22,-0.88,0.40,,,,,,
1436,-0.62,-1.24,-0.13,,,,,,
1437,-0.21,-0.95,0.42,,,,,,
1438,-0.34,-1.00,0.20,,,,,,
1439,-0.28,-0.99,0.30,,,,,,
1440,-0.40,-1.14,0.30,,,,,,
1441,-1.02,-1.64,-0.36,,,,,,
1442,-0.28,-1.00,0.32,,,,,,
1443,-0.62,-1.30,0.05,,,,,,
1444,-0.62,-1.30,-0.07,,,,,,
1445,0.00,-0.71,0.62,,,,,,
1446,-0.85,-1.40,-0.21,,,,,,
1447,-0.29,-0.84,0.27,,,,,,
1448,-1.09,-1.68,-0.37,,,,,,
1449,-1.11,-1.61,-0.53,,,,,,
1450,-0.68,-1.27,0.02,,,,,,
1451,-0.57,-1.14,0.04,,,,,,
1452,-0.90,-1.48,-0.22,,,,,,
1453,-1.51,-2.05,-0.84,,,,,,
1454,-1.34,-1.92,-0.62,,,,,,
1455,-1.66,-2.20,-0.91,,,,,,
1456,-1.59,-2.15,-0.72,,,,,,
1457,-0.85,-1.51,-0.06,,,,,,
1458,-1.06,-1.61,-0.41,,,,,,
1459,-1.02,-1.56,-0.34,,,,,,
1460,-1.39,-1.84,-0.74,,,,,,
1461,-1.20,-1.77,-0.53,,,,,,
1462,-0.93,-1.65,-0.18,,,,,,
1463,-1.10,-1.66,-0.46,,,,,,
1464,-0.70,-1.28,0.07,,,,,,
1465,-0.76,-1.40,0.05,,,,,,
1466,-1.63,-2.33,-0.73,,,,,,
1467,-1.56,-2.07,-0.91,,,,,,
1468,-1.17,-1.81,-0.46,,,,,,
1469,-1.05,-1.66,-0.33,,,,,,
1470,-0.43,-1.16,0.29,,,,,,
1471,-0.95,-1.63,-0.25,,,,,,
1472,-1.35,-1.98,-0.69,,,,,,
1473,-1.33,-1.99,-0.58,,,,,,
1474,-1.19,-1.84,-0.46,,,,,,
1475,-0.78,-1.62,0.04,,,,,,
1476,-0.66,-1.31,0.07,,,,,,
1477,-1.21,-1.71,-0.44,,,,,,
1478,-1.00,-1.61,-0.28,,,,,,
1479,-0.65,-1.34,0.00,,,,,,
1480,-0.85,-1.49,-0.15,,,,,,
1481,-1.35,-1.90,-0.62,,,,,,
1482,-1.20,-1.78,-0.48,,,,,,
1483,-1.56,-1.92,-1.01,,,,,,
1484,-1.32,-1.75,-0.71,,,,,,
1485,-1.12,-1.71,-0.50,,,,,,
1486,-1.48,-1.95,-0.90,,,,,,
1487,-1.18,-1.76,-0.62,,,,,,
1488,-0.90,-1.61,-0.17,,,,,,
1489,-0.43,-1.13,0.29,,,,,,
1490,-0.57,-1.27,0.10,,,,,,
1491,-0.40,-1.02,0.14,,,,,,
1492,-0.84,-1.33,-0.32,,,,,,
1493,-0.61,-1.08,-0.12,,,,,,
1494,-0.56,-1.19,0.06,,,,,,
1495,-0.28,-0.98,0.31,,,,,,
1496,-0.16,-0.77,0.43,,,,,,
1497,-0.37,-1.02,0.25,,,,,,
1498,-0.81,-1.40,-0.22,,,,,,
1499,-0.72,-1.25,-0.21,,,,,,
1500,-0.83,-1.34,-0.28,,,,,,
1501,-0.11,-0.71,0.46,,,,,,
1502,-1.13,-1.71,-0.51,,,,,,
1503,-0.77,-1.27,-0.21,,,,,,
1504,-0.21,-0.87,0.36,,,,,,
1505,-0.47,-0.99,0.01,,,,,,
1506,-0.53,-1.19,0.04,,,,,,
1507,-0.18,-0.91,0.41,,,,,,
1508,-0.44,-1.04,0.24,,,,,,
1509,-0.78,-1.43,-0.09,,,,,,
1510,-0.59,-1.26,0.12,,,,,,
1511,-1.01,-1.62,-0.40,,,,,,
1512,-0.61,-1.22,-0.06,,,,,,
1513,-0.77,-1.44,-0.05,,,,,,
1514,-0.90,-1.51,-0.25,,,,,,
1515,-0.46,-1.26,0.37,,,,,,
1516,-1.45,-1.97,-0.74,,,,,,
1517,-0.91,-1.70,-0.20,,,,,,
1518,-1.14,-1.89,-0.51,,,,,,
1519,-1.11,-1.74,-0.48,,,,,,
1520,-1.06,-1.72,-0.37,,,,,,
1521,-1.23,-1.88,-0.47,,,,,,
1522,-1.33,-1.92,-0.69,,,,,,
1523,-0.87,-1.51,-0.18,,,,,,
1524,-1.33,-1.84,-0.35,,,,,,
1525,-0.87,-1.46,0.05,,,,,,
1526,-1.29,-1.79,-0.65,,,,,,
1527,-1.24,-1.76,-0.60,,,,,,
1528,-1.36,-1.84,-0.71,,,,,,
1529,-1.53,-2.03,-0.77,,,,,,
1530,-0.64,-1.30,0.11,,,,,,
1531,-1.14,-1.77,-0.35,,,,,,
1532,-0.55,-1.21,0.18,,,,,,
1533,-0.70,-1.44,-0.02,,,,,,
1534,-1.28,-1.83,-0.65,,,,,,
1535,-1.15,-1.67,-0.45,,,,,,
1536,-1.29,-1.76,-0.70,,,,,,
1537,-0.21,-0.84,0.41,,,,,,
1538,-0.20,-0.80,0.25,,,,,,
1539,-0.18,-0.70,0.25,,,,,,
1540,-0.62,-1.25,0.04,,,,,,
1541,-0.32,-1.05,0.39,,,,,,
1542,-1.04,-1.67,-0.44,,,,,,
1543,-1.00,-1.55,-0.39,,,,,,
1544,-0.96,-1.46,-0.34,,,,,,
1545,-1.16,-1.71,-0.60,,,,,,
1546,-0.74,-1.41,-0.11,,,,,,
1547,-0.91,-1.61,-0.24,,,,,,
1548,-0.09,-0.70,0.49,,,,,,
1549,-0.27,-0.85,0.27,,,,,,
1550,-0.46,-1.03,0.17,,,,,,
1551,-0.07,-0.62,0.47,,,,,,
1552,-0.20,-0.90,0.46,,,,,,
1553,0.22,-0.35,0.73,,,,,,
1554,-0.54,-1.13,0.06,,,,,,
1555,-0.95,-1.67,-0.21,,,,,,
1556,-0.69,-1.25,-0.03,,,,,,
1557,-0.71,-1.28,-0.13,,,,,,
1558,-0.25,-0.93,0.43,,,,,,
1559,-0.32,-0.82,0.27,,,,,,
1560,-0.53,-1.20,0.11,,,,,,
1561,-0.91,-1.46,-0.28,,,,,,
1562,-0.06,-0.70,0.61,,,,,,
1563,-0.14,-0.71,0.43,,,,,,
1564,-0.53,-1.11,-0.01,,,,,,
1565,-0.30,-0.91,0.29,,,,,,
1566,-0.43,-1.06,0.21,,,,,,
1567,-1.03,-1.70,-0.38,,,,,,
1568,-0.87,-1.67,-0.04,,,,,,
1569,0.00,-0.67,0.67,,,,,,
1570,0.00,-0.73,0.72,,,,,,
1571,-1.07,-1.66,-0.38,,,,,,
1572,-1.26,-1.79,-0.65,,,,,,
1573,-0.51,-1.09,0.16,,,,,,
1574,-0.89,-1.57,-0.04,,,,,,
1575,-0.53,-1.22,0.14,,,,,,
1576,-1.24,-1.91,-0.42,,,,,,
1577,-0.50,-1.19,0.22,,,,,,
1578,-0.97,-1.72,-0.03,,,,,,
1579,-0.87,-1.56,-0.09,,,,,,
1580,-1.22,-1.86,-0.47,,,,,,
1581,-1.09,-1.60,-0.40,,,,,,
1582,-0.35,-1.05,0.47,,,,,,
1583,-0.42,-1.18,0.25,,,,,,
1584,-0.71,-1.32,-0.16,,,,,,
1585,-0.37,-1.17,0.33,,,,,,
1586,-0.13,-0.86,0.76,,,,,,
1587,-0.51,-1.28,0.25,,,,,,
1588,-0.78,-1.52,-0.11,,,,,,
1589,-1.32,-2.02,-0.57,,,,,,
1590,-1.11,-1.75,-0.43,,,,,,
1591,-1.51,-2.26,-0.73,,,,,,
1592,-1.10,-1.73,-0.43,,,,,,
1593,-1.63,-2.21,-0.93,,,,,,
1594,-0.60,-1.20,0.01,,,,,,
1595,-0.33,-1.03,0.27,,,,,,
1596,-0.74,-1.33,-0.06,,,,,,
1597,-1.09,-1.65,-0.44,,,,,,
1598,-1.40,-1.93,-0.82,,,,,,
1599,-0.98,-1.43,-0.45,,,,,,
1600,-0.47,-1.21,0.21,,,,,,
1601,-1.18,-1.88,-0.45,,,,,,
1602,-1.65,-2.30,-0.94,,,,,,
1603,-0.66,-1.36,0.02,,,,,,
1604,-0.86,-1.61,-0.06,,,,,,
1605,-1.48,-2.10,-0.66,,,,,,
1606,-1.45,-1.94,-0.79,,,,,,
1607,-2.03,-2.75,-1.26,,,,,,
1608,-1.33,-1.96,-0.50,,,,,,
1609,-1.28,-1.93,-0.39,,,,,,
1610,-1.14,-1.70,-0.40,,,,,,
1611,-0.95,-1.47,-0.38,,,,,,
1612,-1.23,-1.78,-0.38,,,,,,
1613,-0.75,-1.35,-0.10,,,,,,
1614,-1.30,-1.93,-0.43,,,,,,
1615,-0.99,-1.69,-0.07,,,,,,
1616,-0.48,-1.07,0.11,,,,,,
1617,-0.72,-1.22,-0.09,,,,,,
1618,-0.77,-1.43,0.01,,,,,,
1619,-0.97,-1.63,-0.25,,,,,,
1620,-1.19,-1.83,-0.52,,,,,,
1621,-1.07,-1.46,-0.51,,,,,,
1622,-1.29,-1.82,-0.61,,,,,,
1623,-1.21,-1.77,-0.41,,,,,,
1624,-1.07,-1.66,-0.34,,,,,,
1625,-1.24,-1.86,-0.51,,,,,,
1626,-0.78,-1.38,-0.14,,,,,,
1627,-1.06,-1.75,-0.25,,,,,,
1628,-1.45,-2.01,-0.72,,,,,,
1629,-0.92,-1.50,-0.33,,,,,,
1630,-0.88,-1.42,-0.08,,,,,,
1631,-1.73,-2.27,-1.03,,,,,,
1632,-1.33,-1.77,-0.72,,,,,,
1633,-1.82,-2.32,-1.04,,,,,,
1634,-2.03,-2.40,-1.42,,,,,,
1635,-1.43,-2.04,-0.69,,,,,,
1636,-1.07,-1.73,-0.37,,,,,,
1637,-0.92,-1.54,-0.30,,,,,,
1638,-1.50,-2.03,-0.86,,,,,,
1639,-1.17,-1.82,-0.41,,,,,,
1640,-1.03,-1.61,-0.32,,,,,,
1641,-0.95,-1.65,-0.18,,,,,,
1642,-0.96,-1.85,0.04,,,,,,
1643,-0.79,-1.49,0.18,,,,,,
1644,-1.36,-2.04,-0.58,,,,,,
1645,-1.37,-1.91,-0.59,,,,,,
1646,-1.33,-1.87,-0.57,,,,,,
1647,-1.15,-1.76,-0.39,,,,,,
1648,-1.26,-1.97,-0.31,,,,,,
1649,-0.85,-1.49,-0.01,,,,,,
1650,-1.31,-1.98,-0.52,,,,,,
1651,-1.80,-2.32,-1.10,,,,,,
1652,-1.36,-1.89,-0.68,,,,,,
1653,-1.32,-1.77,-0.80,,,,,,
1654,-0.56,-1.09,0.03,,,,,,
1655,-0.63,-1.25,0.08,,,,,,
1656,-0.90,-1.63,-0.20,,,,,,
1657,-0.79,-1.48,-0.07,,,,,,
1658,-0.67,-1.33,-0.04,,,,,,
1659,-0.68,-1.35,0.15,,,,,,
1660,-0.71,-1.43,0.01,,,,,,
1661,-1.18,-1.77,-0.50,,,,,,
1662,-0.98,-1.70,-0.19,,,,,,
1663,-0.90,-1.52,-0.25,,,,,,
1664,-0.40,-1.00,0.22,,,,,,
1665,-0.27,-0.81,0.25,,,,,,
1666,-1.03,-1.59,-0.39,,,,,,
1667,-0.91,-1.61,-0.04,,,,,,
1668,-1.34,-1.91,-0.68,,,,,,
1669,-1.15,-1.63,-0.49,,,,,,
1670,-1.27,-1.90,-0.54,,,,,,
1671,-1.26,-1.85,-0.66,,,,,,
1672,-0.74,-1.30,-0.17,,,,,,
1673,-0.78,-1.31,-0.07,,,,,,
1674,-0.88,-1.62,0.03,,,,,,
1675,-0.92,-1.69,-0.01,,,,,,
1676,-1.28,-1.89,-0.51,,,,,,
1677,-1.67,-2.20,-1.06,,,,,,
1678,-1.44,-1.97,-0.78,,,,,,
1679,-1.36,-1.98,-0.61,,,,,,
1680,-1.76,-2.45,-0.84,,,,,,
1681,-1.26,-1.81,-0.45,,,,,,
1682,-1.60,-2.09,-0.86,,,,,,
1683,-1.42,-1.92,-0.75,,,,,,
1684,-0.97,-1.74,0.03,,,,,,
1685,-1.10,-1.68,-0.29,,,,,,
1686,-1.40,-1.91,-0.61,,,,,,
1687,-0.95,-1.59,-0.24,,,,,,
1688,-1.45,-2.07,-0.69,,,,,,
1689,-1.08,-1.67,-0.26,,,,,,
1690,-1.15,-1.69,-0.46,,,,,,
1691,-1.35,-1.92,-0.64,,,,,,
1692,-0.84,-1.51,-0.09,,,,,,
1693,-1.04,-1.53,-0.48,,,,,,
1694,-1.09,-1.60,-0.46,,,,,,
1695,-0.89,-1.63,-0.01,,,,,,
1696,-1.37,-1.96,-0.54,,,,,,
1697,-1.45,-2.02,-0.65,,,,,,
1698,-1.74,-2.18,-1.09,,,,,,
1699,-1.72,-2.33,-0.93,,,,,,
1700,-1.50,-1.99,-0.71,,,,,,
1701,-1.53,-2.11,-0.78,,,,,,
1702,-1.23,-1.86,-0.55,,,,,,
1703,-0.81,-1.52,0.05,,,,,,
1704,-0.65,-1.43,0.24,,,,,,
1705,-1.69,-2.16,-1.11,,,,,,
1706,-1.43,-1.97,-0.71,,,,,,
1707,-1.09,-1.64,-0.42,,,,,,
1708,-0.97,-1.52,-0.13,,,,,,
1709,-1.08,-1.69,-0.31,,,,,,
1710,-0.56,-1.20,0.14,,,,,,
1711,-0.84,-1.49,-0.17,,,,,,
1712,-0.72,-1.27,-0.07,,,,,,
1713,-0.82,-1.35,-0.08,,,,,,
1714,-1.49,-2.03,-0.76,,,,,,
1715,-0.51,-1.26,0.41,,,,,,
1716,-0.69,-1.35,0.18,,,,,,
1717,-0.76,-1.44,0.09,,,,,,
1718,-1.71,-2.19,-1.05,,,,,,
1719,-1.34,-1.85,-0.72,,,,,,
1720,-1.13,-1.68,-0.32,,,,,,
1721,-1.32,-1.88,-0.65,,,,,,
1722,-1.03,-1.69,-0.32,,,,,,
1723,-1.60,-2.19,-0.88,,,,,,
1724,-1.06,-1.69,-0.32,,,,,,
1725,-0.87,-1.38,-0.24,,,,,,
1726,-0.65,-1.23,0.01,,,,,,
1727,-0.61,-1.19,0.01,,,,,,
1728,-1.13,-1.64,-0.48,,,,,,
1729,-0.24,-0.82,0.37,,,,,,
1730,-0.31,-0.99,0.50,,,,,,
1731,-0.40,-0.98,0.22,,,,,,
1732,-0.77,-1.48,0.08,,,,,,
1733,-0.99,-1.59,-0.37,,,,,,
1734,-1.34,-1.86,-0.62,,,,,,
1735,-1.98,-2.37,-1.41,,,,,,
1736,-0.95,-1.56,-0.24,,,,,,
1737,-1.45,-2.00,-0.71,,,,,,
1738,-1.17,-1.80,-0.45,,,,,,
1739,-0.56,-1.20,0.14,,,,,,
1740,-0.74,-1.43,0.01,,,,,,
1741,-1.36,-2.05,-0.46,,,,,,
1742,-1.72,-2.17,-1.15,,,,,,
1743,-1.40,-1.95,-0.67,,,,,,
1744,-1.61,-2.10,-1.00,,,,,,
1745,-1.63,-2.17,-0.79,,,,,,
1746,-1.74,-2.32,-0.99,,,,,,
1747,-1.49,-2.07,-0.63,,,,,,
1748,-0.91,-1.56,-0.16,,,,,,
1749,-0.93,-1.51,-0.27,,,,,,
1750,-1.20,-1.63,-0.64,,,,,,
1751,-1.42,-1.80,-0.88,,,,,,
1752,-1.38,-1.91,-0.68,,,,,,
1753,-0.97,-1.64,-0.18,,,,,,
1754,-1.17,-1.83,-0.45,,,,,,
1755,-0.83,-1.50,-0.07,,,,,,
1756,-0.91,-1.58,-0.30,,,,,,
1757,-0.60,-1.17,0.07,,,,,,
1758,-0.74,-1.39,0.06,,,,,,
1759,-0.95,-1.59,-0.31,,,,,,
1760,-0.44,-1.12,0.24,,,,,,
1761,-0.95,-1.58,-0.37,,,,,,
1762,0.07,-0.48,0.60,,,,,,
1763,-0.55,-1.13,0.13,,,,,,
1764,-0.52,-1.07,0.09,,,,,,
1765,-0.65,-1.27,-0.10,,,,,,
1766,-0.63,-1.28,0.06,,,,,,
1767,-1.03,-1.56,-0.43,,,,,,
1768,-1.19,-1.61,-0.66,,,,,,
1769,-0.88,-1.48,-0.18,,,,,,
1770,-1.30,-1.87,-0.63,,,,,,
1771,-1.10,-1.59,-0.51,,,,,,
1772,-0.71,-1.27,-0.07,,,,,,
1773,-1.04,-1.53,-0.41,,,,,,
1774,-0.45,-0.97,0.03,,,,,,
1775,-0.21,-0.84,0.38,,,,,,
1776,-0.94,-1.44,-0.41,,,,,,
1777,-0.93,-1.41,-0.39,,,,,,
1778,-1.09,-1.70,-0.51,,,,,,
1779,-1.36,-1.92,-0.82,,,,,,
1780,-0.94,-1.59,-0.33,,,,,,
1781,-1.51,-2.05,-0.90,,,,,,
1782,-0.43,-1.07,0.22,,,,,,
1783,-1.57,-2.08,-0.86,,,,,,
1784,-0.71,-1.32,-0.13,,,,,,
1785,-0.23,-0.82,0.28,,,,,,
1786,-1.31,-1.74,-0.76,,,,,,
1787,-1.13,-1.79,-0.28,,,,,,
1788,-1.18,-1.80,-0.42,,,,,,
1789,-1.09,-1.61,-0.43,,,,,,
1790,-1.01,-1.73,-0.20,,,,,,
1791,-1.07,-1.59,-0.42,,,,,,
1792,-0.79,-1.30,-0.19,,,,,,
1793,-1.00,-1.57,-0.32,,,,,,
1794,-1.12,-1.69,-0.41,,,,,,
1795,-0.97,-1.46,-0.38,,,,,,
1796,-1.14,-1.69,-0.51,,,,,,
1797,-1.02,-1.53,-0.38,,,,,,
1798,-1.23,-1.67,-0.69,,,,,,
1799,-1.12,-1.54,-0.55,,,,,,
1800,-0.97,-1.61,-0.15,,,,,,
1801,-1.14,-1.62,-0.60,,,,,,
1802,-1.12,-1.62,-0.57,,,,,,
1803,-1.55,-2.16,-0.77,,,,,,
1804,-0.82,-1.34,-0.19,,,,,,
1805,-0.54,-1.19,0.18,,,,,,
1806,-1.39,-2.00,-0.63,,,,,,
1807,-1.38,-2.09,-0.57,,,,,,
1808,-0.87,-1.37,-0.34,,,,,,
1809,-1.23,-1.89,-0.44,,,,,,
1810,-1.73,-2.15,-1.08,,,,,,
1811,-1.79,-2.23,-1.19,,,,,,
1812,-1.96,-2.56,-1.15,,,,,,
1813,-2.11,-2.63,-1.24,,,,,,
1814,-2.25,-2.72,-1.49,,,,,,
1815,-1.67,-2.40,-0.80,,,,,,
1816,-1.88,-2.46,-1.16,,,,,,
1817,-1.97,-2.43,-1.34,,,,,,
1818,-1.94,-2.40,-1.37,,,,,,
1819,-1.30,-1.82,-0.67,,,,,,
1820,-1.14,-1.77,-0.37,,,,,,
1821,-1.60,-2.17,-0.66,,,,,,
1822,-2.23,-2.68,-1.57,,,,,,
1823,-1.82,-2.36,-1.14,,,,,,
1824,-1.58,-2.16,-0.84,,,,,,
1825,-1.78,-2.27,-1.16,,,,,,
1826,-1.14,-1.81,-0.41,,,,,,
1827,-1.02,-1.66,-0.41,,,,,,
1828,-0.53,-1.17,0.16,,,,,,
1829,-0.30,-0.93,0.30,,,,,,
1830,-0.87,-1.46,-0.22,,,,,,
1831,-0.76,-1.39,-0.04,,,,,,
1832,-0.97,-1.62,-0.05,,,,,,
1833,-0.85,-1.55,0.25,,,,,,
1834,-1.51,-2.14,-0.83,,,,,,
1835,-1.59,-2.15,-0.93,,,,,,
1836,-1.51,-2.09,-0.77,,,,,,
1837,-2.23,-2.74,-1.49,,,,,,
1838,-1.43,-1.93,-0.80,,,,,,
1839,-1.06,-1.62,-0.40,,,,,,
1840,-0.75,-1.31,-0.11,,,,,,
1841,-1.41,-2.04,-0.59,,,,,,
1842,-1.63,-2.18,-0.92,,,,,,
1843,-1.70,-2.05,-1.08,,,,,,
1844,-1.57,-1.99,-0.96,,,,,,
1845,-1.10,-1.60,-0.53,,,,,,
1846,-1.35,-1.91,-0.76,,,,,,
1847,-0.38,-1.17,0.39,,,,,,
1848,-1.01,-1.46,-0.44,,,,,,
1849,-1.04,-1.60,-0.40,,,,,,
1850,-1.26,-1.75,-0.62,,,,,,
1851,-0.86,-1.44,-0.25,,,,,,
1852,-0.23,-0.84,0.29,,,,,,
1853,-0.65,-1.20,-0.08,,,,,,
1854,-1.00,-1.49,-0.41,,,,,,
1855,-0.89,-1.41,-0.22,,,,,,
1856,-0.68,-1.34,-0.05,,,,,,
1857,-1.76,-2.29,-1.19,,,,,,
1858,-0.76,-1.33,-0.14,,,,,,
1859,-0.95,-1.40,-0.40,,,,,,
1860,-0.85,-1.31,-0.30,,,,,,
1861,-0.62,-1.07,-0.19,,,,,,
1862,-1.31,-1.75,-0.78,,,,,,
1863,-1.97,-2.42,-1.40,,,,,,
1864,-1.80,-2.29,-1.15,,,,,,
1865,-1.20,-1.65,-0.60,,,,,,
1866,-1.39,-1.80,-0.81,,,,,,
1867,-1.71,-2.07,-1.03,,,,,,
1868,-0.93,-1.55,-0.24,,,,,,
1869,-1.05,-1.56,-0.41,,,,,,
1870,-0.24,-0.99,0.44,,,,,,
1871,-0.61,-1.26,0.07,,,,,,
1872,-0.34,-0.89,0.28,,,,,,
1873,-0.83,-1.39,-0.17,,,,,,
1874,-1.35,-1.90,-0.61,,,,,,
1875,-0.36,-0.89,0.24,,,,,,
1876,-0.02,-0.70,0.60,,,,,,
1877,0.08,-0.57,0.63,,,,,,
1878,-0.03,-0.69,0.56,,,,,,
1879,-0.35,-0.88,0.29,,,,,,
1880,-0.85,-1.38,-0.17,,,,,,
1881,-0.72,-1.31,0.00,,,,,,
1882,-1.04,-1.45,-0.51,,,,,,
1883,-0.80,-1.30,-0.16,,,,,,
1884,-0.80,-1.42,0.01,,,,,,
1885,-1.35,-1.92,-0.62,,,,,,
1886,-0.87,-1.48,-0.17,,,,,,
1887,-0.88,-1.54,-0.13,,,,,,
1888,-1.33,-1.92,-0.63,,,,,,
1889,-1.00,-1.48,-0.36,,,,,,
1890,-0.67,-1.17,-0.06,,,,,,
1891,-0.90,-1.35,-0.36,,,,,,
1892,-1.20,-1.78,-0.45,,,,,,
1893,-0.81,-1.46,-0.07,,,,,,
1894,-0.94,-1.43,-0.32,,,,,,
1895,-0.04,-0.63,0.57,,,,,,
1896,-0.35,-0.90,0.22,,,,,,
1897,-0.51,-1.08,0.10,,,,,,
1898,-0.35,-1.00,0.30,,,,,,
1899,-0.77,-1.39,-0.03,,,,,,
1900,-1.45,-1.98,-0.73,,,,,,
1901,-0.51,-1.08,0.12,,,,,,
1902,-0.58,-1.17,0.08,,,,,,
1903,-1.11,-1.62,-0.26,,,,,,
1904,-0.89,-1.59,-0.05,,,,,,
1905,-1.95,-2.42,-1.32,,,,,,
1906,-1.19,-1.66,-0.45,,,,,,
1907,-1.88,-2.32,-1.12,,,,,,
1908,-0.30,-1.10,0.42,,,,,,
1909,-0.66,-1.24,0.01,,,,,,
1910,-1.26,-1.79,-0.62,,,,,,
1911,-1.62,-2.17,-0.93,,,,,,
1912,-0.82,-1.31,-0.22,,,,,,
1913,-1.00,-1.53,-0.35,,,,,,
1914,-0.84,-1.30,-0.21,,,,,,
1915,-0.69,-1.32,-0.07,,,,,,
1916,-0.44,-0.96,0.16,,,,,,
1917,-0.34,-0.94,0.31,,,,,,
1918,-0.83,-1.43,-0.26,,,,,,
1919,-1.11,-1.58,-0.50,,,,,,
1920,-0.46,-1.04,0.03,,,,,,
1921,-0.62,-1.19,-0.04,,,,,,
1922,0.02,-0.71,0.52,,,,,,
1923,-0.07,-0.87,0.67,,,,,,
1924,-0.03,-0.77,0.53,,,,,,
1925,-0.17,-0.87,0.44,,,,,,
1926,0.12,-0.50,0.63,,,,,,
1927,0.11,-0.60,0.78,,,,,,
1928,-0.31,-0.93,0.34,,,,,,
1929,-0.26,-0.89,0.45,,,,,,
1930,-0.21,-0.81,0.47,,,,,,
1931,0.06,-0.42,0.56,,,,,,
1932,0.08,-0.60,0.79,,,,,,
1933,-0.19,-0.67,0.29,,,,,,
1934,0.33,-0.35,0.93,,,,,,
1935,-0.08,-0.64,0.42,,,,,,
1936,-0.55,-1.14,0.08,,,,,,
1937,-0.22,-0.91,0.41,,,,,,
1938,0.22,-0.51,0.80,,,,,,
1939,0.52,-0.09,1.00,,,,,,
1940,0.74,0.12,1.18,,,,,,
1941,-0.39,-1.07,0.33,,,,,,
1942,0.48,-0.25,1.05,,,,,,
1943,-0.35,-0.97,0.19,,,,,,
1944,-0.10,-0.67,0.34,,,,,,
1945,0.04,-0.68,0.61,,,,,,
1946,0.05,-0.58,0.66,,,,,,
1947,-0.11,-0.77,0.54,,,,,,
1948,-0.17,-0.71,0.31,,,,,,
1949,-0.55,-1.19,0.06,,,,,,
1950,-0.23,-0.93,0.40,,,,,,
1951,-0.60,-1.21,0.06,,,,,,
1952,-0.30,-0.83,0.20,,,,,,
1953,0.62,-0.13,1.07,,,,,,
1954,0.03,-0.49,0.54,,,,,,
1955,0.19,-0.35,0.59,,,,,,
1956,0.46,-0.20,1.01,,,,,,
1957,0.48,-0.11,0.96,,,,,,
1958,0.18,-0.50,0.68,,,,,,
1959,0.69,0.06,1.22,,,,,,
1960,1.22,0.53,1.67,,,,,,
1961,0.93,0.37,1.32,,,,,,
1962,0.27,-0.43,0.79,,,,,,
1963,0.08,-0.53,0.54,,,,,,
1964,0.65,0.06,1.06,,,,,,
1965,-0.03,-0.53,0.39,,,,,,
1966,-0.09,-0.60,0.38,,,,,,
1967,-0.06,-0.72,0.52,,,,,,
1968,-0.11,-0.64,0.40,,,,,,
1969,0.48,-0.06,0.93,,,,,,
1970,-0.12,-0.68,0.33,,,,,,
1971,-0.15,-0.75,0.47,,,,,,
1972,-0.50,-1.13,-0.01,,,,,,
1973,-0.37,-0.99,0.23,,,,,,
1974,-1.10,-1.72,-0.36,,,,,,
1975,-0.86,-1.31,-0.33,,,,,,
1976,-0.48,-1.05,0.06,,,,,,
1977,0.31,-0.26,0.78,,,,,,
1978,0.03,-0.60,0.52,,,,,,
1979,-0.03,-0.82,0.61,,,,,,
1980,0.41,-0.25,1.00,,,,,,
1981,-0.39,-1.04,0.20,,,,,,
1982,-0.08,-0.86,0.58,,,,,,
1983,0.24,-0.54,0.79,,,,,,
1984,0.20,-0.53,0.83,,,,,,
1985,0.58,0.04,0.98,,,,,,
1986,0.59,-0.07,1.13,,,,,,
1987,-0.01,-0.78,0.66,,,,,,
1988,0.34,-0.43,0.76,,,,,,
1989,-0.19,-1.14,0.54,,,,,,
1990,-0.27,-1.09,0.37,,,,,,
1991,-0.05,-0.85,0.60,,,,,,
1992,-0.59,-1.46,0.12,,,,,,
1993,0.52,-0.15,0.95,,,,,,
1994,0.31,-0.67,1.05,,,,,,
1995,0.39,-0.43,1.29,,,,,,
1996,0.60,-0.16,1.24,,,,,,
1997,0.43,-0.57,1.25,,,,,,
1998,0.53,-0.41,1.33,,,,,,
1999,0.17,-0.86,1.09,,,,,,
2000,-0.05,-1.17,1.01,,,,,,
,,,,,,,,,
